sku,height_in_inch,age_in_year,teeth,weight_in_kg,size,feedlot_in_month
BLF2342,52,2 Years,2,256,LARGE,3 Months
BLF2001,48.5,2 Years,2,256,MEDIUM,3 Months
BLF2002,51,2.5 Years,4,296,LARGE,3 Months
BLF2003,44,2 Years,2,212,MINIMUM,3 Months
BLF2004,43.5,2 Years,2,202,MINIMUM,3 Months
BLF2005,45,2 Years,2,205,MEDIUM,3 Months
BLF2006,48,2 Years,2,258,MEDIUM,3 Months
BLF2007,46,2 Years,2,240,MEDIUM,3 Months
BLF2008,43.2,2 Years,2,215,MINIMUM,3 Months
BLF2009,45,2 Years,2,226,MEDIUM,3 Months
BLF2010,47,2 Years,2,224,MEDIUM,3 Months
BLF2011,45.8,2.5 Years,4,245,MEDIUM,3 Months
BLF2012,47,2.5 Years,4,245,MEDIUM,3 Months
BLF2013,48,2 Years,2,255,MEDIUM,3 Months
BLF2014,42,2 Years,2,185,MINIMUM,3 Months
BLF2015,44,2 Years,2,200,MINIMUM,3 Months
BLF2016,44,2.5 Years,4,185,MINIMUM,3 Months
BLF2017,46,2 Years,2,210,MEDIUM,3 Months
BLF2018,45,2 Years,2,200,MEDIUM,3 Months
BLF2019,44.6,2 Years,2,250,MINIMUM,3 Months
BLF2020,45.2,2 Years,2,226,MEDIUM,3 Months
BLF2021,46,2.5 Years,4,211,MEDIUM,3 Months
BLF2022,49,2 Years,2,240,MEDIUM,3 Months
BLF2023,46.6,2 Years,2,225,MEDIUM,3 Months
BLF2024,47,2 Years,2,230,MEDIUM,3 Months
BLF2025,46,2 Years,2,205,MEDIUM,3 Months
BLF2026,44.5,2 Years,2,210,MINIMUM,3 Months
BLF2027,48.7,2 Years,2,265,MEDIUM,3 Months
BLF2028,49,2.5 Years,4,245,MEDIUM,3 Months
BLF2029,45.8,2.5 Years,4,225,MEDIUM,3 Months
BLF2031,46,2 Years,2,230,MEDIUM,3 Months
BLF2032,50,2 Years,2,250,MEDIUM,3 Months
BLF2033,41,2 Years,2,160,MINIMUM,3 Months
BLF2034,43.5,2 Years,2,210,MINIMUM,3 Months
BLF2035,47,2 Years,2,242,MEDIUM,3 Months
BLF2036,46,2.5 Years,4,230,MEDIUM,3 Months
BLF2037,45.6,2.5 Years,4,200,MEDIUM,3 Months
BLF2038,47.1,2 Years,2,235,MEDIUM,3 Months
BLF2039,44.3,2 Years,2,210,MINIMUM,3 Months
BLF2040,43.7,2 Years,2,200,MINIMUM,3 Months
BLF2041,44,2 Years,2,220,MINIMUM,3 Months
BLF2043,47.5,2 Years,2,282,MEDIUM,3 Months
BLF2044,47.1,2 Years,2,255,MEDIUM,3 Months
BLF2045,44,2 Years,2,225,MINIMUM,3 Months
BLF2046,48,2 Years,2,246,MEDIUM,3 Months
BLF2047,50,2 Years,2,315,MEDIUM,3 Months
BLF2048,50,2.5 Years,4,285,MEDIUM,3 Months
BLF2049,50.3,2 Years,2,300,MEDIUM,3 Months
BLF2050,44.3,2 Years,2,255,MINIMUM,3 Months
BLF2051,47.1,2 Years,2,275,MEDIUM,3 Months
BLF2052,44,2.5 Years,4,216,MINIMUM,3 Months
BLF2053,51,2 Years,2,302,LARGE,3 Months
BLF2054,47.2,2 Years,2,273,MEDIUM,3 Months
BLF2055,47,2.5 Years,4,240,MEDIUM,3 Months
BLF2056,45.8,2.5 Years,4,218,MEDIUM,3 Months
BLF2057,45.6,2.5 Years,4,205,MEDIUM,3 Months
BLF2058,46.8,2 Years,2,220,MEDIUM,3 Months
BLF2059,42.9,2 Years,2,213,MINIMUM,3 Months
BLF2060,46.9,2 Years,2,220,MEDIUM,3 Months
BLF2061,46,2 Years,2,288,MEDIUM,3 Months
BLF2062,47,2 Years,2,267,MEDIUM,3 Months
BLF2063,48.3,2 Years,2,286,MEDIUM,3 Months
BLF2064,50,2 Years,2,305,MEDIUM,3 Months
BLF2065,46.8,2 Years,2,216,MEDIUM,3 Months
BLF2066,42.6,2 Years,2,185,MINIMUM,3 Months
BLF2067,43,2 Years,2,227,MINIMUM,3 Months
BLF2068,43,2 Years,2,200,MINIMUM,3 Months
BLF2069,42,2 Years,2,202,MINIMUM,3 Months
BLF2070,46,2.5 Years,4,236,MEDIUM,3 Months
BLF2071,47,2.5 Years,4,250,MEDIUM,3 Months
BLF2072,48.3,2 Years,2,281,MEDIUM,3 Months
BLF2073,49,2 Years,2,300,MEDIUM,3 Months
BLF2074,45.6,2 Years,2,210,MEDIUM,3 Months
BLF2075,48.3,2 Years,2,225,MEDIUM,3 Months
BLF2076,48.4,2 Years,2,272,MEDIUM,3 Months
BLF2077,50.9,2 Years,2,279,MEDIUM,3 Months
BLF2078,45.6,2 Years,2,227,MEDIUM,3 Months
BLF2079,48.3,2.5 Years,4,262,MEDIUM,3 Months
BLF2080,44,2 Years,2,239,MINIMUM,3 Months
BLF2081,46.9,2.5 Years,4,280,MEDIUM,3 Months
BLF2082,47,2.5 Years,4,272,MEDIUM,3 Months
BLF2083,43,2 Years,2,205,MINIMUM,3 Months
BLF2084,47.3,2.5 Years,4,217,MEDIUM,3 Months
BLF2085,44,2 Years,2,195,MINIMUM,3 Months
BLF2086,45.5,2 Years,2,223,MEDIUM,3 Months
BLF2087,49.2,2 Years,2,287,MEDIUM,3 Months
BLF2088,48,2 Years,2,271,MEDIUM,3 Months
BLF2089,47,2 Years,2,275,MEDIUM,3 Months
BLF2090,49,2 Years,2,263,MEDIUM,3 Months
BLF2091,49.8,2 Years,2,273,MEDIUM,3 Months
BLF2092,49.3,3 Years,6,252,MEDIUM,3 Months
BLF2093,46.8,2.5 Years,4,222,MEDIUM,3 Months
BLF2094,48,2 Years,2,221,MEDIUM,3 Months
BLF2095,45.2,2.5 Years,4,252,MEDIUM,3 Months
BLF2097,45.6,2 Years,2,213,MEDIUM,3 Months
BLF2098,47.1,2 Years,2,257,MEDIUM,3 Months
BLF2099,48.5,2.5 Years,4,295,MEDIUM,3 Months
BLF2100,43,2 Years,2,208,MINIMUM,3 Months
BLF2101,44.5,2 Years,2,238,MINIMUM,3 Months
BLF2102,42.9,2.5 Years,4,179,MINIMUM,3 Months
BLF2103,43.1,2 Years,2,195,MINIMUM,3 Months
BLF2104,42.4,2.5 Years,4,181,MINIMUM,3 Months
BLF2105,49.4,2 Years,2,259,MEDIUM,3 Months
BLF2106,48,2 Years,2,277,MEDIUM,3 Months
BLF2107,46.9,2.5 Years,4,271,MEDIUM,3 Months
BLF2108,47.2,2 Years,2,250,MEDIUM,3 Months
BLF2109,47,2.5 Years,4,205,MEDIUM,3 Months
BLF2111,44,2 Years,2,291,MINIMUM,3 Months
BLF2112,50.9,2 Years,2,270,MEDIUM,3 Months
BLF2113,45.6,2 Years,2,230,MEDIUM,3 Months
BLF2114,45,2 Years,2,246,MEDIUM,3 Months
BLF2115,48.7,2 Years,2,280,MEDIUM,3 Months
BLF2116,46,2 Years,2,263,MEDIUM,3 Months
BLF2117,47,2 Years,2,236,MEDIUM,3 Months
BLF2118,49.6,2 Years,2,300,MEDIUM,3 Months
BLF2119,45.7,2 Years,2,235,MEDIUM,3 Months
BLF2120,48.1,2 Years,2,220,MEDIUM,3 Months
BLF2121,44.8,2 Years,2,236,MINIMUM,3 Months
BLF2122,45.4,2 Years,2,247,MEDIUM,3 Months
BLF2123,51.6,2.5 Years,4,300,LARGE,3 Months
BLF2124,49,2.5 Years,4,283,MEDIUM,3 Months
BLF2125,49,2 Years,2,260,MEDIUM,3 Months
BLF2126,44.3,2 Years,2,245,MINIMUM,3 Months
BLF2127,44.3,2 Years,2,201,MINIMUM,3 Months
BLF2128,49.4,2 Years,2,260,MEDIUM,3 Months
BLF2129,50.9,2.5 Years,4,275,MEDIUM,3 Months
BLF2130,48,2.5 Years,4,285,MEDIUM,3 Months
BLF2131,46,2 Years,2,212,MEDIUM,3 Months
BLF2132,48,2 Years,2,275,MEDIUM,3 Months
BLF2133,44.5,2 Years,2,230,MINIMUM,3 Months
BLF2134,45,2 Years,2,217,MEDIUM,3 Months
BLF2135,49,2 Years,2,263,MEDIUM,3 Months
BLF2136,46,2 Years,2,257,MEDIUM,3 Months
BLF2137,48,2.5 Years,4,239,MEDIUM,3 Months
BLF2138,48.5,2 Years,2,213,MEDIUM,3 Months
BLF2139,47,2 Years,2,234,MEDIUM,3 Months
BLF2140,49,2 Years,2,244,MEDIUM,3 Months
BLF2141,49,2.5 Years,4,277,MEDIUM,3 Months
BLF2142,42.2,2 Years,2,211,MINIMUM,3 Months
BLF2143,40.6,2 Years,2,170,MINIMUM,3 Months
BLF2144,47.2,2 Years,2,222,MEDIUM,3 Months
BLF2145,47,2 Years,2,249,MEDIUM,3 Months
BLF2146,50,2 Years,2,289,MEDIUM,3 Months
BLF2147,47.7,2 Years,2,266,MEDIUM,3 Months
BLF2148,48,2.5 Years,4,283,MEDIUM,3 Months
BLF2149,48,2 Years,2,244,MEDIUM,3 Months
BLF2150,44,2 Years,2,223,MINIMUM,3 Months
BLF2151,45.4,2 Years,2,205,MEDIUM,3 Months
BLF2152,44,2.5 Years,4,220,MINIMUM,3 Months
BLF2153,49.6,2 Years,2,275,MEDIUM,3 Months
BLF2154,45,2 Years,2,220,MEDIUM,3 Months
BLF2155,41.5,2 Years,2,199,MINIMUM,3 Months
BLF2156,45.8,2 Years,2,219,MEDIUM,3 Months
BLF2157,43.5,2 Years,2,205,MINIMUM,3 Months
BLF2158,43,2 Years,2,172,MINIMUM,3 Months
BLF2159,44.4,2 Years,2,225,MINIMUM,3 Months
BLF2160,46.5,2 Years,2,249,MEDIUM,3 Months
BLF2161,44.8,2 Years,2,204,MINIMUM,3 Months
BLF2162,46.3,2.5 Years,4,245,MEDIUM,3 Months
BLF2163,47.5,2 Years,2,282,MEDIUM,3 Months
BLF2164,48,2 Years,2,239,MEDIUM,3 Months
BLF2165,48,2 Years,2,250,MEDIUM,3 Months
BLF2166,44,2 Years,2,282,MINIMUM,3 Months
BLF2167,47.8,2 Years,2,242,MEDIUM,3 Months
BLF2168,46,2 Years,2,202,MEDIUM,3 Months
BLF2169,44.9,2 Years,2,200,MINIMUM,3 Months
BLF2170,48,2 Years,2,239,MEDIUM,3 Months
BLF2171,48.4,2 Years,2,268,MEDIUM,3 Months
BLF2172,46.5,2 Years,2,200,MEDIUM,3 Months
BLF2173,44,2 Years,2,180,MINIMUM,3 Months
BLF2174,45,2 Years,2,232,MEDIUM,3 Years
BLF2175,43,2 Years,2,208,MINIMUM,3 Months
BLF2176,46.5,2 Years,2,229,MEDIUM,3 Months
BLF2177,44.3,2 Years,2,203,MINIMUM,3 Months
BLF2178,48,2.5 Years,4,246,MEDIUM,3 Months
BLF2179,48,2 Years,2,283,MEDIUM,3 Months
BLF2180,47,2 Years,2,260,MEDIUM,3 Months
BLF2181,48,2 Years,2,245,MEDIUM,3 Months
BLF2182,46,2 Years,2,241,MEDIUM,3 Months
BLF2183,48,2.5 Years,4,247,MEDIUM,3 Months
BLF2184,44.3,2 Years,2,235,MINIMUM,3 Months
BLF2185,47,2 Years,2,279,MEDIUM,3 Months
BLF2186,43,2.5 Years,4,245,MINIMUM,3 Months
BLF2187,44,2 Years,2,254,MINIMUM,3 Months
BLF2188,49,2 Years,2,261,MEDIUM,3 Months
BLF2189,47,2.5 Years,4,260,MEDIUM,3 Months
BLF2190,48,2 Years,2,269,MEDIUM,3 Months
BLF2191,43,2 Years,2,220,MINIMUM,3 Months
BLF2192,45.6,2 Years,2,244,MEDIUM,3 Months
BLF2193,47.2,2 Years,2,252,MEDIUM,3 Months
BLF2194,42.2,2 Years,2,196,MINIMUM,3 Months
BLF2195,44,2 Years,2,216,MINIMUM,3 Months
BLF2196,46,2 Years,2,248,MEDIUM,3 Months
BLF2197,48.3,2 Years,2,227,MEDIUM,3 Months
BLF2198,48,2 Years,2,266,MEDIUM,3 Months
BLF2199,45.7,2.5 Years,4,229,MEDIUM,3 Months
BLF2200,49.4,2 Years,2,217,MEDIUM,3 Months
BLF2201,49.8,2 Years,2,257,MEDIUM,3 Months
BLF2202,45,2.5 Years,4,209,MEDIUM,3 Months
BLF2203,42.9,2.5 Years,4,196,MINIMUM,3 Months
BLF2204,43.1,2.5 Years,4,201,MINIMUM,3 Months
BLF2205,46,2.5 Years,4,227,MEDIUM,3 Months
BLF2207,51.5,2.5 Years,4,261,LARGE,3 Months
BLF2208,47.2,2.5 Years,4,222,MEDIUM,3 Months
BLF2209,50.7,2.5 Years,4,262,MEDIUM,3 Months
BLF2211,42,2.5 Years,4,189,MINIMUM,3 Months
BLF2212,43.1,2.5 Years,4,210,MINIMUM,3 Months
BLF2213,44.4,2.5 Years,4,194,MINIMUM,3 Months
BLF2214,46,2 Years,2,252,MEDIUM,3 Months
BLF2215,50.4,2 Years,2,275,MEDIUM,3 Months
BLF2216,47,2.5 Years,4,232,MEDIUM,3 Months
BLF2217,46,2 Years,2,230,MEDIUM,3 Months
BLF2218,47.5,2.5 Years,4,219,MEDIUM,3 Months
BLF2219,44.3,2 Years,2,229,MINIMUM,3 Months
BLF2220,45,3 Years,6,216,MEDIUM,3 Months
BLF2221,47,2.5 Years,4,239,MEDIUM,3 Months
BLF2222,46,2 Years,2,232,MEDIUM,3 Months
BLF2223,47,2 Years,2,236,MEDIUM,3 Months
BLF2224,48,2.5 Years,4,194,MEDIUM,3 Months
BLF2225,46.9,2 Years,2,244,MEDIUM,3 Months
BLF2226,49.6,2 Years,2,261,MEDIUM,3 Months
BLF2227,46,2 Years,2,245,MEDIUM,3 Months
BLF2228,45.5,2.5 Years,4,207,MEDIUM,3 Months
BLF2229,48,2.5 Years,4,246,MEDIUM,3 Months
BLF2231,45.4,2.5 Years,4,261,MEDIUM,3 Months
BLF2232,42.2,2.5 Years,4,214,MINIMUM,3 Months
BLF2233,45,2.5 Years,4,205,MEDIUM,3 Months
BLF2234,44,2.5 Years,4,197,MINIMUM,3 Months
BLF2235,46.9,2.5 Years,4,229,MEDIUM,3 Months
BLF2236,45,2.5 Years,4,199,MEDIUM,3 Months
BLF2237,45.5,2.5 Years,4,203,MEDIUM,3 Months
BLF2238,43.5,2.5 Years,4,189,MINIMUM,3 Months
BLF2239,49,2.5 Years,4,245,MEDIUM,3 Months
BLF2240,46.8,2.5 Years,4,217,MEDIUM,3 Months
BLF2241,47,2.5 Years,4,213,MEDIUM,3 Months
BLF2242,45,2 Years,2,224,MEDIUM,3 Months
BLF2243,46,2 Years,2,251,MEDIUM,3 Months
BLF2244,47,2 Years,2,226,MEDIUM,3 Months
BLF2245,46.8,2 Years,2,258,MEDIUM,3 Months
BLF2246,45,2 Years,2,228,MEDIUM,3 Months
BLF2247,43.4,2 Years,2,200,MINIMUM,3 Months
BLF2248,50,2.5 Years,4,255,MEDIUM,3 Months
BLF2249,45.5,2.5 Years,4,211,MEDIUM,3 Months
BLF2250,43,2.5 Years,4,210,MINIMUM,3 Months
BLF2251,47,2 Years,2,256,MEDIUM,3 Months
BLF2252,47.7,2 Years,2,246,MEDIUM,3 Months
BLF2253,50.5,2 Years,2,268,MEDIUM,3 Months
BLF2254,45.3,2.5 Years,4,222,MEDIUM,3 Months
BLF2255,49.5,2.5 Years,4,261,MEDIUM,3 Months
BLF2256,45,2 Years,2,229,MEDIUM,3 Months
BLF2257,47.2,2.5 Years,4,238,MEDIUM,3 Months
BLF2258,46.3,2 Years,2,242,MEDIUM,3 Months
BLF2259,47.8,2 Years,2,251,MEDIUM,3 Months
BLF2260,44.5,2 Years,2,206,MINIMUM,3 Months
BLF2261,44.9,2 Years,2,224,MINIMUM,3 Months
BLF2262,46.2,2 Years,2,213,MEDIUM,3 Months
BLF2263,43.5,2.5 Years,4,225,MINIMUM,3 Months
BLF2264,47,2 Years,2,240,MEDIUM,3 Months
BLF2265,49,2 Years,2,226,MEDIUM,3 Months
BLF2266,47.6,2 Years,2,257,MEDIUM,3 Months
BLF2267,48.5,2.5 Years,4,222,MEDIUM,3 Months
BLF2268,48,2 Years,2,224,MEDIUM,3 Months
BLF2269,47.5,2 Years,2,250,MEDIUM,3 Months
BLF2270,44.8,2 Years,2,222,MINIMUM,3 Months
BLF2271,43.1,2 Years,2,225,MINIMUM,3 Months
BLF2272,47,2 Years,2,239,MEDIUM,3 Months
BLF2273,44.9,2 Years,2,208,MINIMUM,3 Months
BLF2274,45.6,2.5 Years,4,235,MEDIUM,3 Months
BLF2275,45.9,2 Years,2,231,MEDIUM,3 Months
BLF2276,45.6,2 Years,2,229,MEDIUM,3 Months
BLF2277,42,2 Years,2,210,MINIMUM,3 Months
BLF2278,44.2,2.5 Years,4,212,MINIMUM,3 Months
BLF2279,44.3,2 Years,2,231,MINIMUM,3 Months
BLF2280,41.6,2 Years,2,183,MINIMUM,3 Months
BLF2281,44.6,2.5 Years,4,241,MINIMUM,3 Months
BLF2282,46.8,2 Years,2,251,MEDIUM,3 Months
BLF2283,46,2 Years,2,220,MEDIUM,3 Months
BLF2284,42,2 Years,2,164,MINIMUM,3 Months
BLF2285,43,2 Years,2,224,MINIMUM,3 Months
BLF2286,44,2 Years,2,208,MINIMUM,3 Months
BLF2287,45.9,2.5 Years,4,176,MEDIUM,3 Months
BLF2288,43,2.5 Years,4,174,MINIMUM,3 Months
BLF2289,44,2.5 Years,4,180,MINIMUM,3 Months
BLF2290,45.7,2 Years,2,186,MEDIUM,3 Months
BLF2291,39,2 Years,2,160,MINIMUM,3 Months
BLF2292,41.4,2 Years,2,162,MINIMUM,3 Months
BLF2293,41,2 Years,2,170,MINIMUM,3 Months
BLF2294,41.5,2 Years,2,154,MINIMUM,3 Months
BLF2295,44,2 Years,2,199,MINIMUM,3 Months
BLF2296,47,2 Years,2,211,MEDIUM,3 Months
BLF2297,45.1,2.5 Years,4,247,MEDIUM,3 Months
BLF2298,43.7,2 Years,2,218,MINIMUM,3 Months
BLF2299,47.9,2 Years,2,237,MEDIUM,3 Months
BLF2300,44.5,2 Years,2,197,MINIMUM,3 Months
BLF2301,48.3,2.5 Years,4,218,MEDIUM,3 Months
BLF2302,43,2 Years,2,173,MINIMUM,3 Months
BLF2303,50.9,2.5 Years,4,300,MEDIUM,3 Months
BLF2304,49.8,2 Years,2,230,MEDIUM,3 Months
BLF2305,46.9,2 Years,2,221,MEDIUM,3 Months
BLF2306,47.8,2 Years,2,285,MEDIUM,3 Months
BLF2307,48.4,2.5 Years,4,264,MEDIUM,3 Months
BLF2308,44.2,2 Years,2,204,MINIMUM,3 Months
BLF2309,45.3,2.5 Years,4,246,MEDIUM,3 Months
BLF2310,46.8,2 Years,2,224,MEDIUM,3 Months
BLF2311,44,2.5 Years,4,181,MINIMUM,3 Months
BLF2312,41.2,2 Years,2,176,MINIMUM,3 Months
BLF2313,43.5,2 Years,2,202,MINIMUM,3 Months
BLF2314,46.3,2 Years,2,260,MEDIUM,3 Months
BLF2315,43,2 Years,2,191,MINIMUM,3 Months
BLF2316,43,2 Years,2,191,MEDIUM,3 Months
BLF2317,47,2 Years,2,182,MEDIUM,3 Months
BLF2318,42.3,2 Years,2,161,MINIMUM,3 Years
BLF2319,43.6,2.5 Years,4,227,MINIMUM,3 Months
BLF2320,46,2 Years,2,215,MEDIUM,3 Months
BLF2321,45.7,2 Years,2,179,MEDIUM,3 Months
BLF2322,40,2 Years,2,178,MINIMUM,3 Months
BLF2323,43,2 Years,2,252,MINIMUM,3 Months
BLF2324,47.1,2 Years,2,260,MEDIUM,3 Months
BLF2325,46.8,2 Years,2,230,MEDIUM,3 Months
BLF2326,44.5,2 Years,2,244,MINIMUM,3 Months
BLF2327,47,2 Years,2,224,MEDIUM,3 Months
BLF2328,48.4,2 Years,2,251,MEDIUM,3 Months
BLF2329,44.3,2 Years,2,198,MINIMUM,3 Months
BLF2330,46,2 Years,2,231,MEDIUM,3 Months
BLF2332,39,2 Years,2,150,MINIMUM,3 Months
BLF2333,46.9,2 Years,2,207,MEDIUM,3 Months
BLF2343,44.3,2 Years,2,222,MINIMUM,3 Months
BLF2505,51.9,2 Years,2,375,LARGE,6 Months
BLF2508,51,2 Years,2,315,LARGE,4 Months
BLF2509,51,2 Years,2,322,LARGE,6 Months
BLF2510,45.6,2 Years,2,243,MEDIUM,6 Months
BLF2511,45.6,2 Years,2,280,MEDIUM,6 Months
BLF2514,42,2 Years,2,278,MINIMUM,4 Months
BLF2516,50,2 Years,2,355,MEDIUM,4 Months
BLF2517,45.6,2 Years,2,247,MEDIUM,4 Months
BLF2518,50,2.5 Years,4,330,MEDIUM,4 Months
BLF2520,47,2 Years,2,378,MEDIUM,4 Months
BLF2523,49,2 Years,2,280,MEDIUM,3 Months
BLF2524,48.3,2 Years,2,297,MEDIUM,3 Months
BLF2525,46.8,2 Years,2,297,MEDIUM,3 Months
BLF2526,48.4,2 Years,2,276,MEDIUM,3 Months
BLF2529,43.1,2 Years,2,293,MINIMUM,3 Months
BLF2532,50.2,2.5 Years,4,365,MEDIUM,3 Months
BLF2544,47.1,2 Years,2,378,MEDIUM,3 Months
BLF2554,45.2,2 Years,2,254,MEDIUM,4 Months
BLF2555,41.6,2.5 Years,4,226,MINIMUM,4 Months
BLF2557,45.6,2 Years,2,195,MEDIUM,4 Months
BLF2558,51.1,2 Years,2,272,MEDIUM,3 Months
BLF2559,51,3 Years,6,310,MEDIUM,3 Months
BLF2561,48.4,2 Years,2,289,MEDIUM,3 Months
BLF2562,45.4,2.5 Years,4,230,MEDIUM,3 Months
BLF2563,42.9,2.5 Years,4,206,MINIMUM,3 Months
BLF2564,42,2 Years,2,192,MEDIUM,3 Months
BLF2565,46.5,2 Years,2,234,MEDIUM,3 Months
BLF2566,43.1,2 Years,2,188,MINIMUM,3 Months
BLF2567,43.4,2 Years,2,216,MINIMUM,3 Months
BLF2568,41,2 Years,2,187,MINIMUM,3 Months
BLF2569,47,2.5 Years,4,276,MEDIUM,3 Months
BLF2570,49.6,2 Years,2,258,MEDIUM,3 Months
BLF2572,46.8,2.5 Years,4,254,MEDIUM,3 Months
BLF2573,43,2.5 Years,4,250,MINIMUM,3 Months
BLF2574,43.1,2 Years,2,200,MINIMUM,3 Months
BLF2575,43.1,2 Years,2,211,MINIMUM,3 Months
BLF2576,45,2 Years,2,230,MEDIUM,3 Months
BLF2577,46,2 Years,2,283,MEDIUM,3 Months
BLF2578,42.3,2 Years,2,220,MINIMUM,3 Months
BLF2579,42.8,2 Years,2,202,MINIMUM,3 Months
BLF2580,45.6,2 Years,2,243,MEDIUM,3 Months
BLF2581,44,2 Years,2,229,MINIMUM,3 Months
BLF2582,46,2.5 Years,4,222,MEDIUM,3 Months
BLF2583,43.3,2 Years,2,219,MINIMUM,3 Months
BLF2584,46,2 Years,2,245,MEDIUM,3 Months
BLF2585,46.9,2 Years,2,234,MEDIUM,3 Months
BLF2586,47.1,2 Years,2,280,MEDIUM,3 Months
BLF2587,41.5,2 Years,2,226,MINIMUM,3 Months
BLF2588,42.9,2 Years,2,233,MINIMUM,3 Months
BLF2589,43,2 Years,2,223,MINIMUM,3 Months
BLF2590,45.5,2 Years,2,270,MEDIUM,3 Months
BLF2591,42.9,2 Years,2,195,MINIMUM,3 Months
BLF2592,46,2 Years,2,235,MEDIUM,3 Months
BLF2593,43,2 Years,2,210,MINIMUM,3 Months
BLF2594,39,2 Years,2,183,MINIMUM,3 Months
BLF2595,46,2 Years,2,243,MEDIUM,3 Months
BLF2596,42,2.5 Years,4,203,MINIMUM,3 Months
BLF2597,47,2 Years,2,263,MEDIUM,3 Months
BLF2598,43.1,2 Years,2,199,MINIMUM,3 Months
BLF2599,49.6,2 Years,2,280,MEDIUM,3 Months
BLF2600,44.3,2.5 Years,4,257,MINIMUM,3 Months
BLF2601,46.6,2 Years,2,273,MEDIUM,3 Months
BLF2602,49.6,2 Years,2,315,MEDIUM,3 Months
BLF2603,45.6,2.5 Years,4,282,MEDIUM,3 Months
BLF2604,42,2 Years,2,186,MINIMUM,3 Months
BLF2605,46,2.5 Years,4,254,MEDIUM,3 Months
BLF2606,51.1,2.5 Years,4,375,LARGE,3 Months
BLF2607,49.6,2 Years,2,348,LARGE,3 Months
BLF2608,51.1,2 Years,2,282,LARGE,3 Months
BLF2609,50.8,2 Years,2,286,MEDIUM,3 Months
BLF2610,48.4,2 Years,2,302,MEDIUM,3 Months
BLF2612,43,2 Years,2,203,MINIMUM,3 Months
BLF2613,46.8,2 Years,2,280,MEDIUM,3 Months
BLF2615,44,2 Years,2,183,MINIMUM,3 Months
BLF2616,47.1,2 Years,2,246,MEDIUM,3 Months
BLF2617,51,2 Years,2,300,LARGE,3 Months
BLF2618,49,2 Years,2,254,MEDIUM,3 Months
BLF2619,44.7,2.5 Years,4,203,MINIMUM,3 Months
BLF2620,44.3,2 Years,2,206,MINIMUM,3 Months
BLF2621,49.6,2.5 Years,4,240,MEDIUM,3 Months
BLF2622,49,2 Years,2,281,MEDIUM,3 Months
BLF2623,49.6,2 Years,2,316,MEDIUM,3 Months
BLF2624,39,2 Years,2,208,MINIMUM,3 Months
BLF2625,41.5,2 Years,2,205,MINIMUM,3 Months
BLF2626,39.1,2 Years,2,197,MINIMUM,3 Months
BLF2627,43,2 Years,2,210,MINIMUM,3 Months
BLF2628,38,2 Years,2,204,MINIMUM,3 Months
BLF2629,50,2 Years,2,294,MEDIUM,3 Months
BLF2630,47.1,2 Years,2,359,MEDIUM,3 Months
BLF2631,47,2 Years,2,231,MEDIUM,3 Months
BLF2632,44,2 Years,2,226,MINIMUM,3 Months
BLF2633,46.5,2 Years,2,217,MEDIUM,3 Months
BLF2634,45,2 Years,2,207,MEDIUM,3 Months
BLF2635,49,2 Years,2,257,MEDIUM,3 Months
BLF2636,45,2 Years,2,213,MEDIUM,3 Months
BLF2637,45.5,2 Years,2,274,MEDIUM,3 Months
BLF2638,46.8,2 Years,2,210,MEDIUM,3 Months
BLF2639,51,2 Years,2,288,LARGE,3 Months
BLF2640,49.6,2.5 Years,4,300,MEDIUM,3 Months
BLF2641,47,2 Years,2,270,MEDIUM,3 Months
BLF2642,48,2.5 Years,4,297,MEDIUM,3 Months
BLF2643,44,2 Years,2,259,MINIMUM,3 Months
BLF2644,46.9,2 Years,2,257,MEDIUM,3 Months
BLF2645,46.8,2.5 Years,4,244,MEDIUM,3 Months
BLF2646,46,2 Years,2,230,MEDIUM,3 Months
BLF2647,48,2.5 Years,4,248,MEDIUM,3 Months
BLF2648,46,2 Years,2,235,MEDIUM,3 Months
BLF2649,46.9,2 Years,2,223,MEDIUM,3 Months
BLF2650,46.8,2 Years,2,207,MEDIUM,3 Months
BLF2652,45,2 Years,2,223,MEDIUM,3 Months
BLF2653,50.7,2 Years,2,307,MEDIUM,3 Months
BLF2654,48.3,2.5 Years,4,255,MEDIUM,3 Months
BLF2655,48,2 Years,2,251,MEDIUM,3 Months
BLF2656,45,2.5 Years,4,209,MEDIUM,3 Months
BLF2657,38.8,2 Years,2,152,MINIMUM,3 Months
BLF2658,43.1,2 Years,2,197,MINIMUM,3 Months
BLF2659,47,2 Years,2,248,MEDIUM,3 Months
BLF2660,44,2.5 Years,4,215,MINIMUM,3 Months
BLF2661,46.9,2 Years,2,249,MEDIUM,3 Months
BLF2662,45,2 Years,2,238,MEDIUM,3 Months
BLF2663,42.5,2 Years,2,206,MINIMUM,3 Months
BLF2664,48.5,2 Years,2,276,MEDIUM,3 Months
BLF2665,46.5,2 Years,2,226,MEDIUM,3 Months
BLF2666,47,2 Years,2,240,MEDIUM,3 Months
BLF2667,48,2.5 Years,4,242,MEDIUM,3 Months
BLF2668,49.5,2 Years,2,273,MEDIUM,3 Months
BLF2669,46,2.5 Years,4,235,MEDIUM,3 Months
BLF2670,44.3,2 Years,2,235,MINIMUM,3 Months
BLF2671,43.1,2.5 Years,4,219,MINIMUM,3 Months
BLF2672,45.6,2 Years,2,232,MEDIUM,3 Months
BLF2673,45.7,2 Years,2,266,MEDIUM,3 Months
BLF2674,42,2.5 Years,4,195,MINIMUM,3 Months
BLF2967,43.8,2.5 Years,4,286,MINIMUM,3 Months
BLF2973,43.8,2.5 Years,4,311,MINIMUM,3 Months
BLF2783,38.1,2 Years,2,229,MINIMUM,3 Months
BLF2797,40.7,2 Years,2,246,MINIMUM,3 Months
BLF3304,41,2 Years,2,215,MINIMUM,3 Months
BLF2768,36.4,3 Years,6,228,MINIMUM,3 Months
BLF3310,43,2 Years,2,230,MINIMUM,3 Months
BLF3338,41.3,2 Years,2,234,MINIMUM,3 Months
BLF2740,46.4,2 Years,2,338,MEDIUM,4 Months
BLF2754,40.3,2 Years,2,242,MINIMUM,3 Months
BLF3106,41.2,2 Years,2,242,MINIMUM,3 Months
BLF3112,41.1,2 Years,2,252,MINIMUM,3 Months
BLF3099,41,2 Years,2,257,MINIMUM,3 Months
BLF3072,41,2 Years,2,208,MINIMUM,3 Months
BLF3066,38.5,2 Years,2,244,MINIMUM,3 Months
BLF2813,39.3,2 Years,2,248,MINIMUM,3 Months
BLF2807,44,2 Years,2,275,MINIMUM,3 Months
BLF3270,42,2 Years,2,220,MINIMUM,3 Months
BLF3264,43.2,2 Years,2,250,MINIMUM,3 Months
BLF3258,38.3,2 Years,2,202,MINIMUM,3 Months
BLF3265,41.5,2 Years,2,208,MINIMUM,3 Months
BLF3271,42,2 Years,2,217,MINIMUM,3 Months
BLF2806,41,2.5 Years,4,275,MINIMUM,3 Months
BLF2812,43.5,2 Years,2,282,MINIMUM,3 Months
BLF3067,38.4,2 Years,2,199,MINIMUM,3 Months
BLF3073,47,2 Years,2,317,MEDIUM,3 Months
BLF3098,41.1,2 Years,2,249,MINIMUM,3 Months
BLF3113,40.6,2 Years,2,228,MINIMUM,3 Months
BLF2755,36.5,2.5 Years,4,225,MINIMUM,3 Months
BLF3339,43.6,2 Years,2,245,MINIMUM,3 Months
BLF2999,41,2 Years,2,266,MINIMUM,4 Months
BLF2769,41.5,2 Years,2,280,MINIMUM,3 Months
BLF3311,41.1,2 Years,2,224,MINIMUM,3 Months
BLF3305,39.2,2 Years,2,195,MINIMUM,3 Months
BLF2796,37.8,2.5 Years,4,205,MINIMUM,3 Months
BLF2782,39,2.5 Years,4,260,MINIMUM,3 Months
BLF2972,42,2 Years,2,249,MINIMUM,3 Months
BLF2966,41,2 Years,2,210,MINIMUM,3 Months
BLF2970,39.1,2 Years,2,213,MINIMUM,3 Months
BLF2964,37,2 Years,2,187,MINIMUM,3 Months
BLF2794,44.5,2 Years,2,335,MINIMUM,3 Months
BLF2780,34.9,2 Years,2,191,MINIMUM,3 Months
BLF2958,40.3,2.5 Years,4,251,MINIMUM,3 Months
BLF3313,39,2 Years,2,198,MINIMUM,3 Months
BLF3307,36,2 Years,2,174,MINIMUM,3 Months
BLF2757,38.2,2.5 Years,4,231,MINIMUM,3 Months
BLF2743,39,2 Years,2,266,MINIMUM,4 Months
BLF3111,41.4,2 Years,2,241,MINIMUM,3 Months
BLF3105,44,2 Years,2,255,MINIMUM,3 Months
BLF3139,40,2.5 Years,4,229,MINIMUM,3 Months
BLF3065,43.4,2 Years,2,270,MINIMUM,3 Months
BLF3071,41.11,2 Years,2,276,MINIMUM,3 Months
BLF3059,42.4,2 Years,2,279,MINIMUM,3 Months
BLF2804,42,2 Years,2,223,MINIMUM,3 Months
BLF2810,40.2,2 Years,2,224,MINIMUM,3 Months
BLF3298,38,2 Years,2,255,MINIMUM,3 Months
BLF2838,39.6,2 Years,2,247,MINIMUM,3 Months
BLF3267,40,2 Years,2,230,MINIMUM,3 Months
BLF3273,39,2 Years,2,237,MINIMUM,3 Months
BLF3272,40,2 Years,2,250,MINIMUM,3 Months
BLF3299,37.8,2.5 Years,4,187,MINIMUM,3 Months
BLF2839,39.6,2 Years,2,240,MINIMUM,3 Months
BLF2811,43.4,2 Years,2,293,MINIMUM,3 Months
BLF3058,41.1,2 Years,2,296,MINIMUM,3 Months
BLF3070,45.11,2.5 Years,4,312,MEDIUM,3 Months
BLF3064,40,2 Years,2,220,MINIMUM,3 Months
BLF3138,44,2 Years,2,321,MINIMUM,3 Months
BLF3104,40.8,2 Years,2,252,MINIMUM,3 Months
BLF3110,43.8,2 Years,2,251,MINIMUM,3 Months
BLF2742,39.5,2 Years,2,215,MINIMUM,4 Months
BLF2756,38.9,2.5 Years,4,249,MINIMUM,3 Months
BLF3312,39.2,2 Years,2,200,MINIMUM,3 Months
BLF2959,42.4,2.5 Years,4,254,MINIMUM,3 Months
BLF2781,40,2 Years,2,241,MINIMUM,3 Months
BLF2795,43.8,2.5 Years,4,328,MINIMUM,3 Months
BLF2965,42.8,2 Years,2,281,MINIMUM,3 Months
BLF2791,43.1,2 Years,2,259,MINIMUM,3 Months
BLF2949,42.2,2.5 Years,4,251,MINIMUM,3 Months
BLF2785,39,2 Years,2,221,MINIMUM,3 Months
BLF2975,42,2 Years,2,243,MINIMUM,3 Months
BLF2961,37.2,2 Years,2,200,MINIMUM,3 Months
BLF2752,43,2 Years,2,271,MINIMUM,3 Months
BLF2746,38.6,2 Years,2,210,MINIMUM,4 Months
BLF3316,39.1,2 Years,2,224,MINIMUM,3 Months
BLF3302,43.2,2 Years,2,257,MINIMUM,3 Months
BLF3128,40,2.5 Years,4,215,MINIMUM,3 Months
BLF3114,40.1,2 Years,2,262,MINIMUM,3 Months
BLF3100,41.2,2 Years,2,249,MINIMUM,3 Months
BLF3048,44.6,2 Years,2,288,MINIMUM,3 Months
BLF3060,44,2 Years,2,310,MINIMUM,3 Months
BLF3289,40.1,2.5 Years,4,246,MINIMUM,3 Months
BLF2829,40.1,2.5 Years,4,248,MINIMUM,3 Months
BLF2801,39.4,2 Years,2,236,MINIMUM,3 Months
BLF2815,40,2 Years,2,225,MINIMUM,3 Months
BLF3262,43.2,2.5 Years,4,295,MINIMUM,3 Months
BLF3276,43.6,2 Years,2,230,MINIMUM,3 Months
BLF3277,44.4,2 Years,2,283,MINIMUM,3 Months
BLF3263,41.5,2 Years,2,235,MINIMUM,3 Months
BLF2814,41.1,2.5 Years,4,271,MINIMUM,3 Months
BLF2800,41.6,2 Years,2,263,MINIMUM,3 Months
BLF3288,39.8,2.5 Years,4,190,MINIMUM,3 Months
BLF2828,43,2.5 Years,4,292,MINIMUM,3 Months
BLF3075,43,2 Years,2,242,MINIMUM,3 Months
BLF3061,42,2 Years,2,276,MINIMUM,3 Months
BLF3049,42.1,2 Years,2,273,MINIMUM,3 Months
BLF3101,40.3,2 Years,2,224,MINIMUM,3 Months
BLF3115,44.1,2 Years,2,295,MINIMUM,3 Months
BLF3129,41.3,2 Years,2,219,MINIMUM,3 Months
BLF3303,40.6,2 Years,2,266,MINIMUM,3 Months
BLF3317,43,2 Years,2,260,MINIMUM,3 Months
BLF2747,44,2 Years,2,348,MINIMUM,4 Months
BLF2753,41.4,2 Years,2,277,MINIMUM,3 Months
BLF2960,36.5,2 Years,2,195,MINIMUM,3 Months
BLF2974,41.8,2 Years,2,262,MINIMUM,3 Months
BLF2784,38,2 Years,2,215,MINIMUM,3 Months
BLF2948,44.6,2 Years,2,278,MINIMUM,3 Months
BLF2790,43.6,2 Years,2,304,MINIMUM,3 Months
BLF2786,39.4,2 Years,2,245,MINIMUM,3 Months
BLF2792,41,2.5 Years,4,263,MINIMUM,3 Months
BLF2962,37.1,2 Years,2,173,MINIMUM,3 Months
BLF2976,38.1,2 Years,2,229,MINIMUM,3 Months
BLF2745,39,2.5 Years,4,214,MINIMUM,4 Months
BLF3329,40,2 Years,2,215,MINIMUM,3 Months
BLF2989,40.8,2 Years,2,191,MINIMUM,3 Months
BLF2751,44,2 Years,2,358,MINIMUM,4 Months
BLF2779,35.5,2 Years,2,193,MINIMUM,3 Months
BLF3301,40.6,2 Years,2,243,MINIMUM,3 Months
BLF3315,39.5,2 Years,2,184,MINIMUM,3 Months
BLF3103,43,2 Years,2,292,MINIMUM,3 Months
BLF3117,42,2 Years,2,247,MINIMUM,3 Months
BLF3088,47,2 Years,2,362,MEDIUM,3 Months
BLF3077,40,2 Years,2,210,MINIMUM,3 Months
BLF3063,37.1,2 Years,2,221,MINIMUM,3 Months
BLF2816,43.3,2 Years,2,264,MINIMUM,3 Months
BLF2802,41,2 Years,2,267,MINIMUM,3 Months
BLF3249,42,2 Years,2,248,MINIMUM,3 Months
BLF3275,44.9,2 Years,2,237,MINIMUM,3 Months
BLF3260,43,2 Years,2,237,MINIMUM,3 Months
BLF3274,41.5,2 Years,2,230,MINIMUM,3 Months
BLF3248,39,2 Years,2,180,MINIMUM,3 Months
BLF2803,42.3,2 Years,2,271,MINIMUM,3 Months
BLF2817,39.6,2 Years,2,223,MINIMUM,3 Months
BLF3062,43,2 Years,2,273,MINIMUM,3 Months
BLF3076,41.4,2 Years,2,255,MINIMUM,3 Months
BLF3089,37,2 Years,2,240,MINIMUM,3 Months
BLF3116,43,2 Years,2,259,MINIMUM,3 Months
BLF3102,40,2 Years,2,231,MINIMUM,3 Months
BLF3314,39.1,2 Years,2,181,MINIMUM,3 Months
BLF2778,42,2 Years,2,281,MINIMUM,3 Months
BLF3300,41.8,2 Years,2,246,MINIMUM,3 Months
BLF3328,40.9,2 Years,2,210,MINIMUM,3 Months
BLF2750,42.1,2 Years,2,263,MINIMUM,4 Months
BLF2988,40.4,2 Years,2,226,MINIMUM,3 Months
BLF2744,37.2,2 Years,2,218,MINIMUM,4 Months
BLF2977,40.1,2.5 Years,4,243,MINIMUM,3 Months
BLF2963,37.1,2 Years,2,187,MINIMUM,3 Months
BLF2793,45,2 Years,2,304,MEDIUM,3 Months
BLF2787,39,2.5 Years,4,236,MINIMUM,3 Months
BLF2904,41.4,2.5 Years,4,253,MINIMUM,3 Months
BLF2938,44.3,2 Years,2,291,MINIMUM,3 Months
BLF2723,42.4,2.5 Years,4,298,MINIMUM,4 Months
BLF2737,46.5,2 Years,2,278,MEDIUM,4 Months
BLF3165,41,2 Years,2,216,MINIMUM,3 Months
BLF3171,42.9,2 Years,2,246,MINIMUM,3 Months
BLF3159,42.8,2 Years,2,265,MINIMUM,3 Months
BLF3005,45.2,2 Years,2,252,MEDIUM,3 Months
BLF3039,41,2.5 Years,4,210,MINIMUM,3 Months
BLF2870,47,2 Years,2,360,MEDIUM,3 Months
BLF2864,38.8,2 Years,2,190,MINIMUM,3 Months
BLF2858,46.3,2.5 Years,4,312,MEDIUM,3 Months
BLF3213,43,2 Years,2,259,MINIMUM,3 Months
BLF3207,44,2.5 Years,4,288,MINIMUM,3 Months
BLF3206,45.9,2 Years,2,285,MEDIUM,3 Months
BLF3212,43,2.5 Years,4,282,MINIMUM,3 Months
BLF2859,44,2 Years,2,315,MINIMUM,3 Months
BLF2865,42.3,2 Years,2,259,MINIMUM,3 Months
BLF2871,42.5,2 Years,2,249,MINIMUM,3 Months
BLF3038,40.1,2.5 Years,4,244,MINIMUM,3 Months
BLF3004,44.7,2 Years,2,314,MINIMUM,3 Months
BLF3010,34.4,2 Years,2,175,MINIMUM,3 Months
BLF3158,41,2 Years,2,268,MINIMUM,3 Months
BLF3170,44.6,2 Years,2,253,MINIMUM,3 Months
BLF3164,43,2 Years,2,209,MINIMUM,3 Months
BLF2736,45.6,2 Years,2,294,MEDIUM,4 Months
BLF2939,43.8,2 Years,2,306,MINIMUM,3 Months
BLF2905,42,2.5 Years,4,228,MINIMUM,4 Months
BLF2913,48.7,2 Years,2,373,MEDIUM,3 Months
BLF2907,42.8,2 Years,2,307,MINIMUM,3 Months
BLF2734,42.4,2 Years,2,303,MINIMUM,4 Months
BLF2720,43.11,2.5 Years,2,340,MINIMUM,4 Months
BLF3172,38,2 Years,2,223,MINIMUM,3 Months
BLF3166,40.8,2 Years,2,214,MINIMUM,3 Months
BLF3006,44.1,2 Years,2,280,MINIMUM,3 Months
BLF3012,46.6,2 Years,2,354,MEDIUM,3 Months
BLF2867,42.4,3 Years,6,297,MINIMUM,3 Months
BLF2873,39.1,2 Years,2,224,MINIMUM,3 Months
BLF3204,42.8,2 Years,2,259,MINIMUM,3 Months
BLF3210,44.1,2.5 Years,4,302,MINIMUM,3 Months
BLF2898,43,2 Years,2,282,MINIMUM,3 Months
BLF3238,43,2 Years,2,294,MINIMUM,3 Months
BLF2899,43.1,2.5 Years,4,318,MINIMUM,3 Months
BLF3239,41,2 Years,2,246,MINIMUM,3 Months
BLF3211,42.1,2.5 Years,4,252,MINIMUM,3 Months
BLF3205,42,2 Years,2,242,MINIMUM,3 Months
BLF2872,45.9,2.5 Years,4,358,MEDIUM,3 Months
BLF2866,40,2.5 Years,4,197,MINIMUM,3 Months
BLF3007,47,2 Years,2,354,MEDIUM,3 Months
BLF3167,40.6,2 Years,2,211,MINIMUM,3 Months
BLF3173,36.8,2 Years,2,186,MINIMUM,3 Months
BLF2721,44.5,2 Years,2,317,MINIMUM,4 Months
BLF2735,43.8,2 Years,2,297,MINIMUM,4 Months
BLF2906,40.8,2 Years,2,262,MINIMUM,3 Months
BLF2916,42.7,2 Years,2,257,MINIMUM,3 Months
BLF2902,42.8,2 Years,2,285,MINIMUM,3 Months
BLF2725,45,2 Years,2,358,MEDIUM,4 Months
BLF3177,43.2,2 Years,2,298,MINIMUM,3 Months
BLF3163,43,2.5 Years,4,267,MINIMUM,3 Months
BLF3003,38.6,2 Years,2,243,MINIMUM,3 Months
BLF3017,38.2,2 Years,2,189,MINIMUM,3 Months
BLF2862,41.6,2 Years,2,250,MINIMUM,3 Months
BLF2876,40,2 Years,2,253,MINIMUM,3 Months
BLF2889,39,2 Years,2,201,MINIMUM,3 Months
BLF3229,43.5,2 Years,2,246,MINIMUM,3 Months
BLF3215,41.8,2.5 Years,4,259,MINIMUM,3 Months
BLF3214,46.1,2 Years,2,292,MEDIUM,3 Months
BLF3228,40.1,2 Years,2,253,MINIMUM,3 Months
BLF2877,41.8,2 Years,2,227,MINIMUM,3 Months
BLF2863,38.9,2 Years,2,218,MINIMUM,3 Months
BLF3016,43.6,2.5 Years,4,281,MINIMUM,3 Months
BLF3002,44.11,2 Years,2,300,MINIMUM,3 Months
BLF3162,42,2.5 Years,4,272,MINIMUM,3 Months
BLF3176,47.2,2.5 Years,4,329,MEDIUM,3 Months
BLF2724,48,2 Years,2,345,MEDIUM,4 Months
BLF3348,43.2,2 Years,2,256,MINIMUM,3 Months
BLF2730,45.1,2 Years,2,350,MEDIUM,4 Months
BLF2903,40.1,2 Years,2,208,MINIMUM,3 Months
BLF2917,40,2 Years,2,260,MINIMUM,3 Months
BLF2929,38.6,2 Years,2,217,MINIMUM,3 Months
BLF2901,40.5,2 Years,2,263,MINIMUM,3 Months
BLF2915,41,2 Years,2,244,MINIMUM,3 Months
BLF2726,44.9,2.5 Years,4,303,MINIMUM,4 Months
BLF3148,39.5,2 Years,2,222,MINIMUM,3 Months
BLF3160,42.3,2 Years,2,239,MINIMUM,3 Months
BLF3174,42.2,2.5 Years,4,270,MINIMUM,3 Months
BLF3028,41,2.5 Years,4,219,MINIMUM,3 Months
BLF3014,48.1,2 Years,2,291,MEDIUM,3 Months
BLF3000,40.5,2 Years,2,246,MINIMUM,3 Months
BLF2849,41,2.5 Years,4,250,MINIMUM,3 Months
BLF2875,41.1,2 Years,2,242,MINIMUM,3 Months
BLF2861,40.3,2 Years,2,213,MINIMUM,3 Months
BLF3216,41,2.5 Years,4,260,MINIMUM,3 Months
BLF3217,41,2 Years,2,302,MINIMUM,3 Months
BLF2860,47.7,2 Years,2,350,MEDIUM,3 Months
BLF2874,46.5,2 Years,2,347,MEDIUM,3 Months
BLF2848,37.8,2 Years,2,199,MINIMUM,3 Months
BLF3001,42.1,2 Years,2,282,MINIMUM,3 Months
BLF3015,44,2 Years,2,338,MINIMUM,3 Months
BLF3029,41,2.5 Years,4,223,MINIMUM,3 Months
BLF3175,49,2 Years,2,191,MINIMUM,3 Months
BLF3161,40.3,2 Years,2,220,MINIMUM,3 Months
BLF3149,40.6,2 Years,2,214,MINIMUM,3 Months
BLF2733,45,2 Years,2,317,MEDIUM,4 Months
BLF2727,45,2 Years,2,316,MEDIUM,4 Months
BLF2900,39.9,2 Years,2,266,MINIMUM,3 Months
BLF2928,37,2 Years,2,209,MINIMUM,3 Months
BLF2931,41.7,2.5 Years,4,233,MINIMUM,3 Months
BLF2919,45.2,2 Years,2,284,MEDIUM,3 Months
BLF3346,42.7,2 Years,2,210,MINIMUM,3 Months
BLF3352,39.6,2 Years,2,190,MINIMUM,3 Months
BLF3187,43.1,2.5 Years,4,252,MINIMUM,3 Months
BLF3144,42.3,2 Years,2,222,MINIMUM,3 Months
BLF3178,44.2,2 Years,2,232,MINIMUM,3 Months
BLF3030,46,2 Years,2,367,MEDIUM,3 Months
BLF3024,43.9,2 Years,2,243,MINIMUM,3 Months
BLF3018,41.1,2 Years,2,223,MINIMUM,3 Months
BLF2851,43.2,2.5 Years,4,298,MINIMUM,3 Months
BLF2845,41.9,2 Years,2,301,MINIMUM,3 Months
BLF2879,42.9,2 Years,2,271,MINIMUM,3 Months
BLF2892,40.3,2 Years,2,229,MINIMUM,3 Months
BLF3232,43,2 Years,2,261,MINIMUM,3 Months
BLF3226,38.3,2.5 Years,4,202,MINIMUM,3 Months
BLF3227,40.6,2 Years,2,215,MINIMUM,3 Months
BLF2887,41,2.5 Years,2,228,MINIMUM,3 Months
BLF2893,44,2 Years,2,293,MINIMUM,3 Months
BLF3233,42.7,2 Years,2,254,MINIMUM,3 Months
BLF2878,42.2,2 Years,2,247,MINIMUM,3 Months
BLF2844,38.8,2 Years,2,182,MINIMUM,3 Months
BLF2850,42.5,2.5 Years,4,294,MINIMUM,3 Months
BLF3019,44.4,2 Years,2,231,MINIMUM,3 Months
BLF3025,44.1,2 Years,2,267,MINIMUM,3 Months
BLF3031,38,2 Years,2,208,MINIMUM,3 Months
BLF3179,43.8,2 Years,2,256,MINIMUM,3 Months
BLF3151,43.6,2 Years,2,325,MINIMUM,3 Months
BLF3145,38.6,2 Years,2,201,MINIMUM,3 Months
BLF2717,44.8,2.5 Years,4,323,MINIMUM,4 Months
BLF2703,37,2 Years,2,190,MINIMUM,3 Months
BLF3353,39.4,2 Years,2,185,MINIMUM,3 Months
BLF3347,44,2.5 Years,4,257,MINIMUM,3 Months
BLF2918,41.4,2 Years,2,257,MINIMUM,3 Months
BLF2930,40.2,2 Years,2,203,MINIMUM,3 Months
BLF2932,38.11,2 Years,2,212,MINIMUM,3 Months
BLF2926,44.9,2.5 Years,4,321,MINIMUM,4 Months
BLF2729,42,2 Years,2,292,MINIMUM,4 Months
BLF3345,43.8,2 Years,2,236,MINIMUM,3 Months
BLF2715,43.5,2 Years,2,362,MINIMUM,4 Months
BLF3184,40,2.5 Years,4,247,MINIMUM,3 Months
BLF3153,40.6,2 Years,2,207,MINIMUM,3 Months
BLF3147,44,2 Years,2,271,MINIMUM,3 Months
BLF3027,41.5,2.5 Years,4,236,MINIMUM,3 Months
BLF3033,39.11,2 Years,2,208,MINIMUM,3 Months
BLF2846,40,2.5 Years,4,269,MINIMUM,3 Months
BLF2852,44.2,2 Years,2,261,MINIMUM,3 Months
BLF2885,44,2.5 Years,4,341,MINIMUM,3 Months
BLF3225,39.2,2 Years,2,215,MINIMUM,3 Months
BLF3231,45,2 Years,2,354,MEDIUM,3 Months
BLF3219,43.2,2.5 Years,4,282,MINIMUM,3 Months
BLF3218,43,2 Years,2,252,MINIMUM,3 Months
BLF3230,40,2 Years,2,295,MINIMUM,3 Months
BLF2890,46.5,2 Years,2,341,MEDIUM,3 Months
BLF2884,43.2,2.5 Years,4,272,MINIMUM,3 Months
BLF3224,39.4,2.5 Years,4,218,MINIMUM,3 Months
BLF2853,40.1,2 Years,2,249,MINIMUM,3 Months
BLF2847,38.5,2 Years,2,221,MINIMUM,3 Months
BLF3032,40,2 Years,2,226,MINIMUM,3 Months
BLF3026,40,2.5 Years,4,231,MINIMUM,3 Months
BLF3146,44.9,2 Years,2,286,MINIMUM,3 Months
BLF3185,42,2 Years,2,270,MINIMUM,3 Months
BLF2714,43.7,2.5 Years,4,337,MINIMUM,4 Months
BLF3344,42.4,2 Years,2,224,MINIMUM,3 Months
BLF2728,44,2 Years,2,325,MINIMUM,4 Months
BLF3350,38.8,2 Years,2,158,MINIMUM,3 Months
BLF2927,45.8,2 Years,2,336,MEDIUM,3 Months
BLF2933,42.1,2.5 Years,4,286,MINIMUM,3 Months
BLF2937,44,2 Years,2,296,MINIMUM,3 Months
BLF2923,49.4,2 Years,2,371,MEDIUM,4 Months
BLF3354,44.7,2 Years,2,318,MINIMUM,3 Months
BLF2738,42.4,2 Years,2,288,MINIMUM,4 Months
BLF3340,39.1,2 Years,2,214,MINIMUM,3 Months
BLF3181,43.5,2.5 Years,4,274,MINIMUM,3 Months
BLF3156,40.3,2 Years,2,227,MINIMUM,3 Months
BLF3142,43.2,2 Years,2,236,MINIMUM,3 Months
BLF3022,44.8,2 Years,2,300,MINIMUM,3 Months
BLF3036,42.6,2 Years,2,265,MINIMUM,3 Months
BLF2843,35.9,2 Years,2,199,MINIMUM,3 Months
BLF2857,40.5,2 Years,2,266,MINIMUM,3 Months
BLF3208,40.2,2 Years,2,221,MINIMUM,3 Months
BLF3220,43.7,2.5 Years,4,271,MINIMUM,3 Months
BLF2880,40.7,2 Years,2,232,MINIMUM,3 Months
BLF3234,45.6,2 Years,2,272,MEDIUM,3 Months
BLF2895,42.5,2 Years,2,231,MINIMUM,3 Months
BLF3235,43.8,2 Years,2,236,MINIMUM,3 Months
BLF3221,40.8,2 Years,2,220,MINIMUM,3 Months
BLF2881,39.2,2 Years,2,250,MINIMUM,3 Months
BLF3209,42.3,2 Years,2,260,MINIMUM,3 Months
BLF2856,41.9,2 Years,2,225,MINIMUM,3 Months
BLF2842,37,2 Years,2,199,MINIMUM,3 Months
BLF3037,41.5,2.5 Years,4,241,MINIMUM,3 Months
BLF3023,42.2,2 Years,2,259,MINIMUM,3 Months
BLF3143,39.7,2 Years,2,236,MINIMUM,3 Months
BLF3157,43.4,2 Years,2,221,MINIMUM,3 Months
BLF2739,45.3,2 Years,2,312,MEDIUM,4 Months
BLF3341,38.11,2.5 Years,4,178,MINIMUM,3 Months
BLF3355,48.2,2 Years,2,372,MEDIUM,3 Months
BLF2705,46.5,2 Years,2,375,MEDIUM,3 Months
BLF2936,46.9,2 Years,2,274,MEDIUM,3 Months
BLF2908,41.1,2 Years,2,281,MINIMUM,3 Months
BLF2934,38.8,2 Years,2,221,MINIMUM,3 Months
BLF2707,49.1,2 Years,2,342,MEDIUM,4 Months
BLF2713,43.8,2 Years,2,353,MINIMUM,4 Months
BLF3343,39.7,2 Years,2,215,MINIMUM,3 Months
BLF3182,43.3,2 Years,2,279,MINIMUM,3 Months
BLF3169,42,2 Years,2,266,MINIMUM,3 Months
BLF3155,42,2 Years,2,248,MINIMUM,3 Months
BLF3009,42,2 Years,2,226,MINIMUM,3 Months
BLF3021,44,2 Years,2,262,MINIMUM,3 Months
BLF2868,44,2 Years,2,294,MINIMUM,3 Months
BLF2854,38.1,2 Years,2,240,MINIMUM,3 Months
BLF2840,42.1,2.5 Years,4,304,MINIMUM,3 Months
BLF3237,43.1,2 Years,2,275,MINIMUM,3 Months
BLF2897,39.8,2.5 Years,4,234,MINIMUM,3 Months
BLF2883,40.5,2 Years,2,217,MINIMUM,3 Months
BLF3223,37.4,2 Years,2,204,MINIMUM,3 Months
BLF2882,42,2.5 Years,4,273,MINIMUM,3 Months
BLF3222,42.4,2 Years,2,241,MINIMUM,3 Months
BLF3236,39.6,2 Years,2,251,MINIMUM,3 Months
BLF2896,45.1,2 Years,2,277,MINIMUM,3 Months
BLF2841,42.3,2 Years,2,289,MINIMUM,3 Months
BLF2855,39,2.5 Years,4,229,MINIMUM,3 Months
BLF2869,42.5,2.5 Years,4,302,MINIMUM,3 Months
BLF3020,43.8,2 Years,2,260,MINIMUM,3 Months
BLF3034,39,2 Years,2,209,MINIMUM,3 Months
BLF3008,48,2 Years,2,333,MEDIUM,3 Months
BLF3140,43.3,2 Years,2,244,MINIMUM,3 Months
BLF3168,44.2,2.5 Years,4,328,MINIMUM,3 Months
BLF3183,42.9,2 Years,2,273,MINIMUM,3 Months
BLF3356,49,2 Years,2,360,MEDIUM,3 Months
BLF3342,41,2 Years,2,225,MINIMUM,3 Months
BLF2712,43.4,2 Years,2,330,MINIMUM,4 Months
BLF2935,40,2 Years,2,265,MINIMUM,3 Months
BLF2909,42,2 Years,2,273,MINIMUM,3 Months
BLF2946,39.8,2 Years,2,211,MINIMUM,3 Months
BLF2952,39.2,2 Years,2,203,MINIMUM,3 Months
BLF3325,41.11,2 Years,2,220,MINIMUM,3 Months
BLF2985,47.7,2 Years,2,322,MEDIUM,3 Months
BLF2991,41.1,2 Years,2,260,MINIMUM,3 Months
BLF3331,42.3,2 Years,2,253,MINIMUM,3 Months
BLF3319,41,2 Years,2,247,MINIMUM,3 Months
BLF2761,44.8,2 Years,2,270,MINIMUM,3 Months
BLF2775,40.4,2 Years,2,236,MINIMUM,3 Months
BLF3127,39.1,2 Years,2,220,MINIMUM,3 Months
BLF3133,43,2 Years,2,250,MINIMUM,3 Months
BLF3090,43,2 Years,2,283,MINIMUM,3 Months
BLF3084,42,2 Years,2,286,MINIMUM,3 Months
BLF3053,42.6,2 Years,2,260,MINIMUM,3 Months
BLF3047,42.3,2 Years,2,269,MINIMUM,3 Months
BLF3292,40,2 Years,2,229,MINIMUM,3 Months
BLF2832,38.2,2.5 Years,4,236,MINIMUM,3 Months
BLF2826,40.7,2 Years,2,244,MINIMUM,3 Months
BLF3286,41,2 Years,2,224,MINIMUM,3 Months
BLF3251,40.1,2 Years,2,255,MINIMUM,3 Months
BLF3245,43.3,2.5 Years,4,235,MINIMUM,3 Months
BLF3279,42.2,2 Years,2,283,MINIMUM,3 Months
BLF3244,41.6,2.5 Years,4,236,MINIMUM,3 Months
BLF3250,42.3,2 Years,2,264,MINIMUM,3 Months
BLF2827,42.3,2.5 Years,4,267,MINIMUM,3 Months
BLF3287,41.5,2 Years,2,215,MINIMUM,3 Months
BLF3293,39.4,2 Years,2,221,MINIMUM,3 Months
BLF2833,41.4,2 Years,2,309,MINIMUM,3 Months
BLF3046,40.7,2 Years,2,273,MINIMUM,3 Months
BLF3085,41.7,2 Years,2,288,MINIMUM,3 Months
BLF3091,45.6,2 Years,2,304,MEDIUM,3 Months
BLF3132,41.1,2 Years,2,240,MINIMUM,3 Months
BLF3126,40.7,2 Years,2,229,MINIMUM,3 Months
BLF2774,42,2 Years,2,316,MINIMUM,3 Months
BLF3318,44.4,2 Years,2,244,MINIMUM,3 Months
BLF2760,46.5,2.5 Years,4,337,MEDIUM,3 Months
BLF3330,39.9,2 Years,2,185,MINIMUM,3 Months
BLF3324,42.11,2 Years,2,220,MINIMUM,3 Months
BLF2984,43,2 Years,2,321,MINIMUM,3 Months
BLF2953,42.9,2.5 Years,4,241,MINIMUM,3 Months
BLF2947,42.1,2 Years,2,294,MINIMUM,3 Months
BLF2789,42.8,2 Years,2,267,MINIMUM,3 Months
BLF2951,44.7,2 Years,2,237,MINIMUM,3 Months
BLF2945,40,2.5 Years,2,197,MINIMUM,3 Months
BLF3332,40.6,2 Years,2,218,MINIMUM,3 Months
BLF2992,43.6,2 Years,2,280,MINIMUM,3 Months
BLF3326,41.6,2 Years,2,231,MINIMUM,3 Months
BLF2776,42,2 Years,2,270,MINIMUM,3 Months
BLF2762,42.5,2 Years,2,296,MINIMUM,3 Months
BLF3130,39.9,2 Years,2,210,MINIMUM,3 Months
BLF3124,42.3,2 Years,2,239,MINIMUM,3 Months
BLF3118,45.7,2.5 Years,4,359,MEDIUM,3 Months
BLF3087,38.8,2 Years,2,214,MINIMUM,3 Months
BLF3093,39,2 Years,2,210,MINIMUM,3 Months
BLF3044,42.4,2 Years,2,265,MINIMUM,3 Months
BLF3050,46.4,2 Years,2,306,MEDIUM,3 Months
BLF3078,39.8,2 Years,2,235,MINIMUM,3 Months
BLF3285,39.1,2 Years,2,203,MINIMUM,3 Months
BLF2825,42.9,2.5 Years,4,285,MINIMUM,3 Months
BLF2831,46,2.5 Years,4,320,MEDIUM,3 Months
BLF3291,41,2.5 Years,4,228,MINIMUM,3 Months
BLF2819,42.6,2.5 Years,4,285,MINIMUM,3 Months
BLF3246,41.4,2 Years,2,233,MINIMUM,3 Months
BLF3252,43,2 Years,2,271,MINIMUM,3 Months
BLF3253,41,2 Years,2,218,MINIMUM,3 Months
BLF3247,40.5,2 Years,2,212,MINIMUM,3 Months
BLF2818,44.4,2 Years,2,273,MINIMUM,3 Months
BLF2830,42,2 Years,2,353,MINIMUM,3 Months
BLF3290,40,2 Years,2,201,MINIMUM,3 Months
BLF2824,39.7,2 Years,2,235,MINIMUM,3 Months
BLF3079,37.4,2 Years,2,225,MINIMUM,3 Months
BLF3051,42.6,2 Years,2,236,MINIMUM,3 Months
BLF3045,41,2 Years,2,257,MINIMUM,3 Months
BLF3092,42.6,2 Years,2,280,MINIMUM,3 Months
BLF3086,44.6,2 Years,2,303,MINIMUM,3 Months
BLF3119,43.3,2 Years,2,227,MINIMUM,3 Months
BLF3125,41.8,2 Years,2,215,MINIMUM,3 Months
BLF3131,44.4,2 Years,2,266,MINIMUM,3 Months
BLF2763,44,2.5 Years,4,280,MINIMUM,3 Months
BLF2777,41.3,2 Years,2,261,MINIMUM,3 Months
BLF2987,38,2.5 Years,4,211,MINIMUM,3 Months
BLF3327,42,2 Years,2,234,MINIMUM,3 Months
BLF3333,40.11,2 Years,2,220,MINIMUM,3 Months
BLF2993,44,2.5 Years,4,298,MINIMUM,3 Months
BLF2978,41.1,2 Years,2,254,MINIMUM,3 Months
BLF2944,41,2 Years,2,236,MINIMUM,3 Months
BLF2950,39.9,2 Years,2,231,MINIMUM,3 Months
BLF2788,43,2 Years,2,269,MINIMUM,3 Months
BLF2968,43.1,2 Years,2,262,MINIMUM,3 Months
BLF2954,43.4,2 Years,2,273,MINIMUM,3 Months
BLF2798,42.8,2 Years,2,270,MINIMUM,3 Months
BLF2940,42.4,2 Years,2,273,MINIMUM,3 Months
BLF2773,43,2.5 Years,4,280,MINIMUM,3 Months
BLF2767,44.9,2.5 Years,4,327,MINIMUM,3 Months
BLF2997,45.2,2 Years,2,280,MEDIUM,3 Months
BLF3337,39.4,2 Years,2,255,MINIMUM,3 Months
BLF3109,41,2 Years,2,231,MINIMUM,3 Months
BLF3135,44.3,2.5 Years,4,239,MINIMUM,3 Months
BLF3121,41.2,2 Years,2,217,MINIMUM,3 Months
BLF3082,46,2 Years,2,336,MEDIUM,3 Months
BLF3096,45.6,2 Years,2,304,MEDIUM,3 Months
BLF3069,42,2 Years,2,225,MINIMUM,3 Months
BLF3041,47.8,2 Years,2,360,MEDIUM,3 Months
BLF3055,40,2 Years,2,257,MINIMUM,3 Months
BLF2808,40.5,2.5 Years,4,257,MINIMUM,3 Months
BLF2820,40.5,2.5 Years,4,236,MINIMUM,3 Months
BLF3294,42,2 Years,2,293,MINIMUM,3 Months
BLF2834,46,2 Years,2,367,MEDIUM,3 Months
BLF3243,41,2 Years,2,210,MINIMUM,3 Months
BLF3257,42.7,2 Years,2,275,MINIMUM,3 Months
BLF3256,43.9,2.5 Years,4,312,MINIMUM,3 Months
BLF3242,42,2 Years,2,217,MINIMUM,3 Months
BLF3295,40.2,2 Years,2,219,MINIMUM,3 Years
BLF2835,42.5,2 Years,2,355,MEDIUM,3 Months
BLF2821,42.4,2 Years,2,265,MINIMUM,3 Months
BLF3281,44,2 Years,2,288,MINIMUM,3 Months
BLF2809,41.1,2 Years,2,265,MINIMUM,3 Months
BLF3054,40.4,2 Years,2,232,MINIMUM,3 Months
BLF3040,40.5,2.5 Years,4,255,MINIMUM,3 Months
BLF3068,37.8,2 Years,2,213,MINIMUM,3 Months
BLF3097,42.2,2 Years,2,267,MINIMUM,3 Months
BLF3083,45.1,2 Years,3,293,MEDIUM,3 Months
BLF3120,39.3,2 Years,2,210,MINIMUM,3 Months
BLF3134,43.7,2.5 Years,4,236,MINIMUM,3 Months
BLF3108,42,2 Years,2,221,MINIMUM,3 Months
BLF3322,42,2 Years,2,215,MINIMUM,3 Months
BLF2996,43.2,2 Years,2,221,MINIMUM,3 Months
BLF3336,42.1,2 Years,2,223,MINIMUM,3 Months
BLF2766,42.8,2 Years,2,296,MINIMUM,3 Months
BLF2772,40.4,2 Years,2,252,MINIMUM,3 Months
BLF2941,41,2 Years,2,201,MINIMUM,3 Months
BLF2799,43,2 Years,2,255,MINIMUM,3 Months
BLF2955,42.8,2 Years,2,286,MINIMUM,3 Months
BLF2969,43.1,2 Years,2,274,MINIMUM,3 Months
BLF2943,42,2.5 Years,4,231,MINIMUM,3 Months
BLF2957,43,2 Years,2,259,MINIMUM,3 Months
BLF2764,41,2 Years,2,306,MINIMUM,3 Months
BLF3308,40.11,2 Years,2,201,MINIMUM,3 Months
BLF2770,36.6,2.5 Years,4,231,MINIMUM,3 Months
BLF2980,39.6,2 Years,2,197,MINIMUM,3 Months
BLF2758,42.4,2 Years,2,336,MINIMUM,3 Months
BLF3320,42.2,2 Years,2,233,MINIMUM,3 Months
BLF3334,42.8,2 Years,2,242,MINIMUM,3 Months
BLF2994,48,2 Years,2,330,MEDIUM,3 Months
BLF3122,40,2.5 Years,4,178,MINIMUM,3 Months
BLF3136,38,2 Years,2,195,MINIMUM,3 Months
BLF3095,41.6,2 Years,2,277,MINIMUM,3 Months
BLF3081,45.7,2 Years,2,315,MEDIUM,3 Months
BLF3056,42.1,2 Years,2,229,MINIMUM,3 Months
BLF3042,42,2 Years,2,234,MINIMUM,3 Months
BLF2837,42.3,2 Years,2,265,MINIMUM,3 Months
BLF3297,41,2 Years,2,249,MINIMUM,3 Months
BLF3283,41,2 Years,2,238,MINIMUM,3 Months
BLF2823,40.2,2 Years,2,267,MINIMUM,3 Months
BLF3268,40.2,2 Years,2,215,MINIMUM,3 Months
BLF3254,42.1,2 Years,2,246,MINIMUM,3 Months
BLF3240,39,2 Years,2,295,MINIMUM,3 Months
BLF3241,42.4,2 Years,2,222,MINIMUM,3 Months
BLF3255,39.8,2 Years,2,225,MINIMUM,3 Months
BLF3269,41.7,2 Years,2,246,MINIMUM,3 Months
BLF3282,44,2 Years,2,262,MINIMUM,3 Months
BLF2822,42.2,2 Years,2,276,MINIMUM,3 Months
BLF2836,44.9,2 Years,2,351,MINIMUM,3 Months
BLF3296,39.7,2.5 Years,4,196,MINIMUM,3 Months
BLF3043,42,2 Years,2,246,MINIMUM,3 Months
BLF3057,41.1,2 Years,2,242,MINIMUM,3 Months
BLF3080,42.1,2.5 Years,4,257,MINIMUM,3 Months
BLF3137,42.1,2.5 Years,4,286,MINIMUM,3 Months
BLF3335,42.9,2 Years,2,235,MINIMUM,3 Months
BLF2995,41,2 Years,2,273,MINIMUM,3 Months
BLF2759,39.5,2 Years,2,244,MINIMUM,3 Months
BLF2981,44.4,2 Years,2,338,MINIMUM,3 Months
BLF3321,41.6,2 Years,2,206,MINIMUM,3 Months
BLF3309,40.8,2 Years,2,206,MINIMUM,3 Months
BLF2771,35.3,2 Years,2,189,MINIMUM,3 Months
BLF2765,43.9,2 Years,2,298,MINIMUM,3 Months
BLF2956,42,2.5 Years,4,287,MINIMUM,3 Months
BLF2942,44.5,2 Years,2,310,MINIMUM,3 Months
BLF3489,41.4,2 Years,2,251,MINIMUM,12 Months
BLF3462,43,2 Years,2,290,MINIMUM,12 Months
BLF3476,42.2,2 Years,2,239,MINIMUM,12 Months
BLF3660,42.4,2 Years,2,292,MINIMUM,12 Months
BLF3674,41.11,2 Years,2,240,MINIMUM,12 Months
BLF3714,41.3,2 Years,2,218,MINIMUM,12 Months
BLF3700,40,2.5 Years,2,225,MINIMUM,12 Months
BLF3728,41,2 Years,2,229,MINIMUM,12 Months
BLF3516,39,2.5 Years,4,213,MINIMUM,12 Months
BLF3502,41.6,2 Years,2,217,MINIMUM,12 Months
BLF3503,39,2 Years,2,227,MINIMUM,12 Months
BLF3517,40.9,2 Years,2,249,MINIMUM,12 Months
BLF3729,44,2 Years,2,241,MINIMUM,12 Months
BLF3715,42.3,2 Years,2,254,MINIMUM,12 Months
BLF3649,43.8,2 Years,2,237,MINIMUM,12 Months
BLF3675,44.3,2 Years,2,257,MINIMUM,12 Months
BLF3661,44.11,2.5 Years,4,273,MINIMUM,12 Months
BLF3477,42.5,2 Years,2,224,MINIMUM,12 Months
BLF3463,42.11,2 Years,2,287,MINIMUM,12 Months
BLF3488,43,2 Years,2,238,MINIMUM,12 Months
BLF3475,44,2 Years,2,250,MINIMUM,12 Months
BLF3461,39,2 Years,2,260,MINIMUM,12 Months
BLF3688,43.2,2 Years,2,238,MINIMUM,12 Months
BLF3677,40.9,2 Years,2,250,MINIMUM,12 Months
BLF3663,40.11,2 Years,2,218,MINIMUM,12 Months
BLF3703,43.4,2 Years,2,285,MINIMUM,12 Months
BLF3501,38.4,2 Years,2,234,MINIMUM,12 Months
BLF3515,39.4,2 Years,2,204,MINIMUM,12 Months
BLF3529,43.7,2 Years,2,251,MINIMUM,12 Months
BLF3528,45,2 Years,2,223,MINIMUM,12 Months
BLF3514,42.8,2 Years,2,219,MINIMUM,12 Months
BLF3500,41,2 Years,2,239,MINIMUM,12 Months
BLF3716,46,2 Years,2,274,MEDIUM,12 Months
BLF3702,40.6,2.5 Years,4,237,MINIMUM,12 Months
BLF3662,43.11,2 Years,2,269,MINIMUM,12 Months
BLF3676,42.3,2.5 Years,4,234,MINIMUM,12 Months
BLF3689,43.11,2.5 Years,4,245,MINIMUM,12 Months
BLF3460,42,2 Years,2,273,MINIMUM,12 Months
BLF3474,41.11,2 Years,2,245,MINIMUM,12 Months
BLF3458,41,2 Years,2,232,MINIMUM,12 Months
BLF3470,44,2 Years,2,308,MINIMUM,12 Months
BLF3464,43,2 Years,2,249,MINIMUM,12 Months
BLF3699,41.2,2 Years,2,231,MINIMUM,12 Months
BLF3672,42,2.5 Years,4,263,MINIMUM,12 Months
BLF3666,42.8,2.5 Years,4,261,MINIMUM,12 Months
BLF3706,45.6,2 Years,2,293,MEDIUM,12 Months
BLF3712,40.11,2 Years,2,225,MINIMUM,12 Months
BLF3538,43.4,2.5 Years,4,273,MINIMUM,12 Months
BLF3504,41,2.5 Years,4,263,MINIMUM,12 Months
BLF3510,40.9,2.5 Years,4,263,MINIMUM,12 Months
BLF3511,41.5,2 Years,2,258,MINIMUM,12 Months
BLF3505,38,2 Years,2,183,MINIMUM,12 Months
BLF3539,42.11,2 Years,2,275,MINIMUM,12 Months
BLF3713,39.11,2 Years,2,225,MINIMUM,12 Months
BLF3667,43,2.5 Years,4,239,MINIMUM,12 Months
BLF3673,41.5,2 Years,2,222,MINIMUM,12 Months
BLF3698,40.11,2 Years,2,225,MINIMUM,12 Months
BLF3465,41.11,2.5 Years,4,247,MINIMUM,12 Months
BLF3471,42.4,2.5 Years,4,241,MINIMUM,12 Months
BLF3459,42.11,2.5 Years,4,275,MINIMUM,12 Months
BLF3498,39.6,2 Years,2,201,MINIMUM,12 Months
BLF3467,40.6,3 Years,6,249,MINIMUM,12 Months
BLF3473,39.11,2 Years,2,257,MINIMUM,12 Months
BLF3659,43.7,2.5 Years,4,267,MINIMUM,12 Months
BLF3665,45,2 Years,2,274,MEDIUM,12 Months
BLF3671,42.9,2.5 Years,4,253,MINIMUM,12 Months
BLF3739,42,2 Years,2,236,MINIMUM,12 Months
BLF3711,43,2 Years,2,225,MINIMUM,12 Months
BLF3513,43.8,2.5 Years,4,310,MINIMUM,12 Months
BLF3507,44,2 Years,2,291,MINIMUM,12 Months
BLF3506,40,2 Years,2,211,MINIMUM,12 Months
BLF3512,43.11,2 Years,2,265,MINIMUM,12 Months
BLF3704,45,2 Years,2,305,MINIMUM,12 Months
BLF3710,41.4,2 Years,2,223,MINIMUM,12 Months
BLF3738,42,2 Years,2,220,MINIMUM,12 Months
BLF3670,42.3,2 Years,2,237,MINIMUM,12 Months
BLF3664,42.11,2 Years,2,235,MINIMUM,12 Months
BLF3658,44,2 Years,2,285,MINIMUM,12 Months
BLF3472,41.6,2 Years,2,269,MINIMUM,12 Months
BLF3466,41.2,2 Years,2,264,MINIMUM,12 Months
BLF3499,42.11,2 Years,2,249,MINIMUM,12 Months
BLF3401,42,3 Years,6,352,MINIMUM,12 Months
BLF3415,41.4,2.5 Years,6,352,MINIMUM,12 Months
BLF3429,41.11,2.5 Years,4,362,MINIMUM,12 Months
BLF3603,44.11,2 Years,2,295,MINIMUM,12 Months
BLF3617,44.11,2.5 Years,4,294,MINIMUM,12 Months
BLF3763,38.11,2.5 Years,4,185,MINIMUM,12 Months
BLF3575,43.11,2 Years,2,288,MINIMUM,12 Months
BLF3549,41.8,2 Years,2,241,MINIMUM,12 Months
BLF3548,41.2,2.5 Years,4,246,MINIMUM,12 Months
BLF3574,43.7,2 Years,2,260,MINIMUM,12 Months
BLF3762,39,2 Years,2,176,MINIMUM,12 Months
BLF3616,42.1,2 Years,2,237,MINIMUM,12 Months
BLF3602,45.11,2 Years,2,336,MEDIUM,12 Months
BLF3428,41,3 Years,6,351,MINIMUM,12 Months
BLF3614,41,2.5 Years,4,222,MINIMUM,12 Months
BLF3600,46.11,3 Years,4,313,MEDIUM,12 Months
BLF3628,42.2,2 Years,2,234,MINIMUM,12 Months
BLF3760,42.8,2 Years,2,195,MINIMUM,12 Months
BLF3748,41,2 Years,2,196,MINIMUM,12 Months
BLF3589,45.3,2 Years,2,298,MEDIUM,12 Months
BLF3576,45.12,2.5 Years,4,357,LARGE,12 Months
BLF3577,45.4,2 Years,2,344,MEDIUM,12 Months
BLF3588,42,2 Years,2,253,MINIMUM,12 Months
BLF3749,37.7,2.5 Years,4,201,MINIMUM,12 Months
BLF3775,41,2.5 Years,4,320,MINIMUM,12 Months
BLF3761,39.9,2 Years,2,218,MINIMUM,12 Months
BLF3629,43,2 Years,2,296,MINIMUM,12 Months
BLF3601,43.3,2 Years,2,260,MINIMUM,12 Months
BLF3615,43.3,2 Years,2,290,MINIMUM,12 Months
BLF3639,43.11,2 Years,2,286,MINIMUM,12 Months
BLF3611,41.11,2 Years,2,236,MINIMUM,12 Months
BLF3605,43,2 Years,2,283,MINIMUM,12 Months
BLF3759,42.11,2 Years,2,200,MINIMUM,12 Months
BLF3765,39,2.5 Years,4,186,MINIMUM,12 Months
BLF3771,41.6,2 Years,2,235,MINIMUM,12 Months
BLF3598,41.11,2 Years,2,196,MINIMUM,12 Months
BLF3573,42,2 Years,2,246,MINIMUM,12 Months
BLF3572,43.11,2 Years,2,260,MINIMUM,12 Months
BLF3599,43,2 Years,2,231,MINIMUM,12 Months
BLF3770,44.6,2.5 Years,4,240,MINIMUM,12 Months
BLF3764,39.4,2 Years,2,205,MINIMUM,12 Months
BLF3758,41,2 Years,2,214,MINIMUM,12 Months
BLF3604,44.2,2 Years,2,283,MINIMUM,12 Months
BLF3610,44,2 Years,2,316,MINIMUM,12 Months
BLF3638,43.11,2.5 Years,4,253,MINIMUM,12 Months
BLF3606,47,2 Years,2,328,MEDIUM,12 Months
BLF3612,43.3,3 Years,4,226,MINIMUM,12 Months
BLF3772,41,2 Years,2,214,MINIMUM,12 Months
BLF3766,42,2.5 Years,4,182,MINIMUM,12 Months
BLF3570,39.3,2 Years,2,197,MINIMUM,12 Months
BLF3571,43,2 Years,2,220,MINIMUM,12 Months
BLF3767,41.9,2 Years,2,225,MINIMUM,12 Months
BLF3773,38,2 Years,2,185,MINIMUM,12 Months
BLF3613,43.11,2 Years,2,318,MINIMUM,12 Months
BLF3607,43.11,2 Years,2,309,MINIMUM,12 Months
BLF3622,41.9,2 Years,2,238,MINIMUM,12 Months
BLF3636,40,2 Years,2,226,MINIMUM,12 Months
BLF3756,40,2 Years,2,193,MINIMUM,12 Months
BLF3742,40,2 Years,2,214,MINIMUM,12 Months
BLF3597,43.2,2 Years,2,253,MINIMUM,12 Months
BLF3583,40.7,2 Years,2,234,MINIMUM,12 Months
BLF3540,41.11,3 Years,4,285,MINIMUM,12 Months
BLF3569,42.8,2 Years,2,217,MINIMUM,12 Months
BLF3541,45,2 Years,2,240,MINIMUM,12 Months
BLF3582,40,2 Years,2,231,MINIMUM,12 Months
BLF3596,44.2,2 Years,2,301,MINIMUM,12 Months
BLF3743,39.5,2 Years,2,202,MINIMUM,12 Months
BLF3757,41.3,2 Years,2,220,MINIMUM,12 Months
BLF3637,41,3 Years,6,252,MINIMUM,12 Months
BLF3623,42.2,2.5 Years,4,241,MINIMUM,12 Months
BLF3423,43.1,3 Years,6,360,MINIMUM,12 Months
BLF3635,41,2.5 Years,4,242,MINIMUM,12 Months
BLF3621,41.11,2 Years,2,240,MINIMUM,12 Months
BLF3609,42.8,2 Years,2,302,MINIMUM,12 Months
BLF3741,41,2 Years,2,219,MINIMUM,12 Months
BLF3755,41.11,2 Years,2,218,MINIMUM,12 Months
BLF3769,39.11,2 Years,2,200,MINIMUM,12 Months
BLF3580,46,2 Years,2,354,MEDIUM,12 Months
BLF3594,46.3,2 Years,2,272,MEDIUM,12 Months
BLF3543,42.6,2 Years,2,230,MINIMUM,12 Months
BLF3542,40,2 Years,2,233,MINIMUM,12 Months
BLF3595,42.4,2 Years,2,250,MINIMUM,12 Months
BLF3581,43,2 Years,2,295,MINIMUM,12 Months
BLF3768,39.2,2 Years,2,182,MINIMUM,12 Months
BLF3754,41.2,2 Years,2,207,MINIMUM,12 Months
BLF3740,42.2,2 Years,2,207,MINIMUM,12 Months
BLF3608,45.11,3 Years,6,286,MEDIUM,12 Months
BLF3620,40.9,2 Years,2,230,MINIMUM,12 Months
BLF3634,41.4,2 Years,2,217,MINIMUM,12 Months
BLF3432,46.7,3 Years,6,348,MEDIUM,12 Months
BLF3618,42.11,2 Years,2,267,MINIMUM,12 Months
BLF3630,44.7,2 Years,2,360,MEDIUM,12 Months
BLF3624,43,2 Years,2,233,MINIMUM,12 Months
BLF3744,39.2,2 Years,2,205,MINIMUM,12 Months
BLF3750,39.3,2.5 Years,4,210,MINIMUM,12 Months
BLF3585,41,2 Years,2,244,MINIMUM,12 Months
BLF3591,45.2,2 Years,2,302,MEDIUM,12 Months
BLF3546,41,2 Years,2,212,MINIMUM,12 Months
BLF3552,42.2,2 Years,2,245,MINIMUM,12 Months
BLF3553,43,2.5 Years,4,267,MINIMUM,12 Months
BLF3547,41.4,2 Years,2,278,MINIMUM,12 Months
BLF3590,41.4,2 Years,2,209,MINIMUM,12 Months
BLF3584,41,2 Years,2,215,MINIMUM,12 Months
BLF3751,40,2 Years,2,224,MINIMUM,12 Months
BLF3745,41.9,2 Years,2,206,MINIMUM,12 Months
BLF3625,43.1,2 Years,2,231,MINIMUM,12 Months
BLF3631,46.11,2 Years,2,289,MEDIUM,12 Months
BLF3619,41.4,2 Years,2,244,MINIMUM,12 Months
BLF3627,44.6,3 Years,4,257,MINIMUM,12 Months
BLF3633,43.11,2 Years,2,266,MINIMUM,12 Months
BLF3753,42,2 Years,2,224,MINIMUM,12 Months
BLF3747,38,2 Years,2,178,MINIMUM,12 Months
BLF3592,44,2 Years,2,245,MINIMUM,12 Months
BLF3586,43.5,2 Years,2,230,MINIMUM,12 Months
BLF3579,44.1,2 Years,2,294,MINIMUM,12 Months
BLF3551,41.11,2 Years,2,219,MINIMUM,12 Months
BLF3545,41,2.5 Years,4,225,MINIMUM,12 Months
BLF3544,44,2 Years,2,264,MINIMUM,12 Months
BLF3550,39.11,2.5 Years,4,201,MINIMUM,12 Months
BLF3578,44,2 Years,2,293,MINIMUM,12 Months
BLF3587,41.4,2 Years,2,222,MINIMUM,12 Months
BLF3593,42,2 Years,2,235,MINIMUM,12 Months
BLF3746,46,2 Years,2,198,MEDIUM,12 Months
BLF3752,43,3 Years,6,218,MINIMUM,12 Months
BLF3632,40.2,2 Years,2,183,MINIMUM,12 Months
BLF3626,43.8,3 Years,4,240,MINIMUM,12 Months
BLF3480,39,3 Years,6,211,MINIMUM,12 Months
BLF3494,42.6,2 Years,2,246,MINIMUM,12 Months
BLF3443,43,2.5 Years,4,365,MINIMUM,12 Months
BLF3457,39.5,2 Years,2,238,MINIMUM,12 Months
BLF3682,41.5,2.5 Years,4,253,MINIMUM,12 Months
BLF3696,39.4,2 Years,2,198,MINIMUM,12 Months
BLF3641,41.8,2 Years,2,196,MINIMUM,12 Months
BLF3655,40.7,2 Years,2,223,MINIMUM,12 Months
BLF3669,42.6,2 Years,2,231,MINIMUM,12 Months
BLF3735,43,2.5 Years,4,277,MINIMUM,12 Months
BLF3721,44.2,2 Years,2,270,MINIMUM,12 Months
BLF3709,41,2.5 Years,4,185,MINIMUM,12 Months
BLF3537,43,2 Years,2,252,MINIMUM,12 Months
BLF3523,40,2.5 Years,4,235,MINIMUM,12 Months
BLF3522,41.11,2 Years,2,243,MINIMUM,12 Months
BLF3536,48,2.5 Years,4,330,MEDIUM,12 Months
BLF3708,43.2,2 Years,2,240,MINIMUM,12 Months
BLF3720,43.8,2 Years,2,220,MINIMUM,12 Months
BLF3734,40,2 Years,2,203,MINIMUM,12 Months
BLF3668,43.8,2 Years,2,237,MINIMUM,12 Months
BLF3654,41.11,2 Years,2,218,MINIMUM,12 Months
BLF3640,39.2,2 Years,2,206,MINIMUM,12 Months
BLF3697,40.11,2 Years,2,228,MINIMUM,12 Months
BLF3683,41.5,2 Years,2,241,MINIMUM,12 Months
BLF3495,41.11,2 Years,4,246,MINIMUM,12 Months
BLF3481,41,2.5 Years,4,242,MINIMUM,12 Months
BLF3497,37.11,2 Years,2,201,MINIMUM,12 Months
BLF3483,42,2.5 Years,4,251,MINIMUM,12 Months
BLF3468,42,2.5 Years,4,253,MINIMUM,12 Months
BLF3695,41.3,2.5 Years,4,245,MINIMUM,12 Months
BLF3681,43.2,2.5 Years,4,229,MINIMUM,12 Months
BLF3656,45.3,2.5 Years,4,239,MEDIUM,12 Months
BLF3642,43,2.5 Years,4,257,MINIMUM,12 Months
BLF3722,39.11,2 Years,2,229,MINIMUM,12 Months
BLF3736,41.7,2 Years,2,226,MINIMUM,12 Months
BLF3520,40.6,2 Years,2,236,MINIMUM,12 Months
BLF3534,45,2 Years,2,289,MEDIUM,12 Months
BLF3508,39,2.5 Years,4,216,MINIMUM,12 Months
BLF3509,39,2.5 Years,4,205,MINIMUM,12 Months
BLF3535,44.5,2 Years,2,330,MINIMUM,12 Months
BLF3521,40,2.5 Years,4,249,MINIMUM,12 Months
BLF3737,40.2,2 Years,2,218,MINIMUM,12 Months
BLF3723,40.11,2 Years,2,206,MINIMUM,12 Months
BLF3643,43,2 Years,2,241,MINIMUM,12 Months
BLF3657,41.2,2 Years,2,241,MINIMUM,12 Months
BLF3680,40.11,2 Years,2,258,MINIMUM,12 Months
BLF3694,41.11,2 Years,2,245,MINIMUM,12 Months
BLF3469,42,2.5 Years,4,285,MINIMUM,12 Months
BLF3441,41,2.5 Years,4,315,MINIMUM,12 Months
BLF3482,44,2 Years,2,292,MINIMUM,12 Months
BLF3496,40.4,2 Years,2,233,MINIMUM,12 Months
BLF3492,42,2 Years,2,229,MINIMUM,12 Months
BLF3486,39,2 Years,2,224,MINIMUM,12 Months
BLF3479,40.12,2 Years,2,237,MINIMUM,12 Months
BLF3690,42.7,2.5 Years,4,237,MINIMUM,12 Months
BLF3684,43.11,2 Years,2,275,MINIMUM,12 Months
BLF3653,41.8,2 Years,2,230,MINIMUM,12 Months
BLF3647,45,2 Years,2,258,MEDIUM,12 Months
BLF3727,43.4,2 Years,2,274,MINIMUM,12 Months
BLF3733,41.9,2 Years,2,206,MINIMUM,12 Months
BLF3519,43.8,2.5 Years,4,259,MINIMUM,12 Months
BLF3525,39.3,2.5 Years,4,211,MINIMUM,12 Months
BLF3531,42,2 Years,2,275,MINIMUM,12 Months
BLF3530,41.11,2 Years,2,289,MINIMUM,12 Months
BLF3524,40.3,2.5 Years,4,227,MINIMUM,12 Months
BLF3518,42.11,2 Years,2,229,MINIMUM,12 Months
BLF3732,43.8,2 Years,2,269,MINIMUM,12 Months
BLF3726,42,2 Years,2,246,MINIMUM,12 Months
BLF3646,41.2,2 Years,2,241,MINIMUM,12 Months
BLF3652,43,2 Years,2,207,MINIMUM,12 Months
BLF3685,40.8,2 Years,2,208,MINIMUM,12 Months
BLF3691,42.3,2.5 Years,4,243,MINIMUM,12 Months
BLF3444,40.11,2.5 Years,4,350,MINIMUM,12 Months
BLF3450,39.1,3 Years,6,318,MINIMUM,24 Months
BLF3478,38.2,2 Years,2,204,MINIMUM,12 Months
BLF3487,41.2,2 Years,2,241,MINIMUM,12 Months
BLF3493,48,2 Years,2,219,MINIMUM,12 Months
BLF3485,41.1,2 Years,2,242,MINIMUM,12 Months
BLF3491,39,2 Years,2,186,MINIMUM,12 Months
BLF3687,41.4,2 Years,2,248,MINIMUM,12 Months
BLF3693,43,2 Years,2,219,MINIMUM,12 Months
BLF3644,41.9,2 Years,2,215,MINIMUM,12 Months
BLF3650,43,2.5 Years,4,240,MINIMUM,12 Months
BLF3718,42.8,2 Years,2,272,MINIMUM,12 Months
BLF3730,41,2 Years,2,230,MINIMUM,12 Months
BLF3724,44,2 Years,2,257,MINIMUM,12 Months
BLF3532,42,2 Years,2,260,MINIMUM,12 Months
BLF3526,40.7,2 Years,2,214,MINIMUM,12 Months
BLF3527,38,2 Years,2,208,MINIMUM,12 Months
BLF3533,43,2 Years,2,289,MINIMUM,12 Months
BLF3725,42,2 Years,2,259,MINIMUM,12 Months
BLF3731,39.8,2 Years,2,181,MINIMUM,12 Months
BLF3719,43.3,2 Years,2,254,MINIMUM,12 Months
BLF3651,43.3,2 Years,2,230,MINIMUM,12 Months
BLF3645,43,2 Years,2,267,MINIMUM,12 Months
BLF3679,42.11,2.5 Years,4,275,MINIMUM,12 Months
BLF3692,40,2.5 Years,4,194,MINIMUM,12 Months
BLF3686,41.11,2 Years,2,218,MINIMUM,12 Months
BLF3490,42.11,2 Years,2,211,MINIMUM,12 Months
BLF3484,40.2,2 Years,2,242,MINIMUM,12 Months
BLF4319,42,2.5 Years,4,257,MINIMUM,3 Months
BLF4331,44,2 Years,2,228,MINIMUM,3 Months
BLF4325,41,3 Years,6,205,MINIMUM,3 Months
BLF4279,46,2 Years,2,277,MEDIUM,3 Months
BLF4245,42,2 Years,2,236,MINIMUM,3 Months
BLF4251,43.6,2 Years,2,280,MINIMUM,3 Months
BLF4244,43.4,2 Years,2,277,MINIMUM,3 Months
BLF4293,42,2 Years,2,252,MINIMUM,3 Months
BLF4287,42.4,2 Years,2,245,MINIMUM,3 Months
BLF4324,37.4,2 Years,2,182,MINIMUM,3 Months
BLF4330,41.6,2 Years,2,253,MINIMUM,3 Months
BLF4318,43.2,2 Years,2,211,MINIMUM,3 Months
BLF4326,41.4,3 Years,6,212,MINIMUM,3 Months
BLF4332,42.3,2 Years,2,251,MINIMUM,3 Months
BLF4130,40.4,2 Years,2,248,MINIMUM,3 Years
BLF4291,45,2 Years,2,351,MEDIUM,3 Months
BLF4285,42,2.5 Years,4,254,MINIMUM,6 Months
BLF4252,43,2 Years,2,302,MINIMUM,6 Months
BLF4246,40.2,2 Years,2,238,MINIMUM,3 Months
BLF4247,39,2 Years,2,235,MINIMUM,3 Months
BLF4253,41,2 Years,2,242,MINIMUM,3 Months
BLF4284,43,2.5 Years,4,246,MINIMUM,6 Months
BLF4290,40.4,2 Years,2,238,MINIMUM,3 Months
BLF4131,41,2 Years,2,259,MINIMUM,3 Months
BLF4333,43.6,2 Years,2,244,MINIMUM,3 Months
BLF4327,41.7,2.5 Years,4,199,MINIMUM,3 Months
BLF4323,42,2.5 Years,4,239,MINIMUM,3 Months
BLF4337,44.4,2 Years,2,227,MINIMUM,3 Months
BLF4069,44,2 Years,2,240,MINIMUM,3 Months
BLF4294,42.2,2.5 Years,4,278,MINIMUM,3 Months
BLF4280,39.6,2 Years,2,214,MINIMUM,3 Months
BLF4257,40.6,2 Years,2,203,MINIMUM,3 Months
BLF4243,42,2 Years,2,265,MINIMUM,3 Months
BLF4242,41.4,2 Years,2,231,MINIMUM,3 Months
BLF4256,40.5,2 Years,2,280,MINIMUM,3 Months
BLF4281,38.6,2 Years,2,177,MINIMUM,3 Months
BLF4295,43,2 Years,2,233,MINIMUM,3 Months
BLF4336,44,3 Years,6,256,MINIMUM,3 Months
BLF4322,39.8,2 Years,2,199,MINIMUM,3 Months
BLF4334,42.4,2 Years,2,246,MINIMUM,3 Months
BLF4320,39.8,2 Years,2,197,MINIMUM,3 Months
BLF4308,43.4,2 Years,2,244,MINIMUM,3 Months
BLF4283,46.2,2.5 Years,2,278,MEDIUM,3 Months
BLF4297,40,2 Years,2,196,MINIMUM,3 Months
BLF4240,42.4,2 Years,2,252,MINIMUM,3 Months
BLF4254,44,2 Years,2,276,MINIMUM,6 Months
BLF4269,42.6,2 Years,2,257,MINIMUM,3 Months
BLF4255,43.3,2 Years,2,272,MINIMUM,3 Months
BLF4241,39.6,2 Years,2,212,MINIMUM,3 Months
BLF4296,40.5,2.5 Years,4,232,MINIMUM,6 Months
BLF4282,38.8,2 Years,2,193,MINIMUM,3 Months
BLF4137,42.2,2 Years,2,224,MINIMUM,3 Months
BLF4309,37.7,2 Years,2,176,MINIMUM,3 Months
BLF4321,41,2 Years,2,205,MINIMUM,3 Months
BLF4335,45,2 Years,2,244,MEDIUM,3 Months
BLF4385,39,2 Years,2,150,MINIMUM,3 Months
BLF4346,38,2 Years,2,193,MINIMUM,3 Months
BLF4193,43,2 Years,2,298,MINIMUM,3 Months
BLF4187,41.2,2.5 Years,4,236,MINIMUM,6 Months
BLF4178,41.2,2 Years,2,249,MINIMUM,3 Months
BLF4144,43.6,2 Years,2,298,MINIMUM,6 Months
BLF4226,44,2.5 Years,4,280,MINIMUM,3 Months
BLF4232,42.4,2 Years,2,246,MINIMUM,3 Months
BLF4233,44.9,2 Years,2,291,MINIMUM,6 Months
BLF4227,44.2,2 Years,2,282,MINIMUM,6 Months
BLF4145,45,2 Years,2,281,MEDIUM,6 Months
BLF4179,42,2 Years,2,227,MINIMUM,3 Months
BLF4186,46,2 Years,2,284,MEDIUM,3 Months
BLF4192,48,2.5 Years,4,364,MEDIUM,3 Months
BLF4347,42,2 Years,2,226,MINIMUM,3 Months
BLF4353,39,2 Years,2,172,MINIMUM,3 Months
BLF4379,41,2 Years,2,184,MINIMUM,3 Months
BLF4345,42.5,2.5 Years,4,227,MINIMUM,3 Months
BLF4190,43,2 Years,2,239,MINIMUM,3 Years
BLF4147,41,2.5 Years,4,260,MINIMUM,3 Months
BLF4231,44,2.5 Years,4,259,MINIMUM,3 Months
BLF4225,40.2,2 Years,2,256,MINIMUM,3 Months
BLF4224,42.2,2 Years,2,290,MINIMUM,3 Months
BLF4230,37.4,2 Years,2,197,MINIMUM,3 Months
BLF4146,42.5,2 Years,2,252,MINIMUM,3 Months
BLF4191,44,2.5 Years,4,285,MINIMUM,3 Months
BLF4185,44.8,2 Years,2,317,MINIMUM,6 Months
BLF4350,40,2 Years,2,186,MINIMUM,3 Months
BLF4344,42.6,2 Years,2,222,MINIMUM,3 Months
BLF4378,36,2.5 Years,4,149,MINIMUM,3 Months
BLF4383,40.2,2 Years,2,184,MINIMUM,3 Months
BLF4340,42.4,2 Years,2,226,MINIMUM,3 Months
BLF4354,41.4,2 Years,2,208,MINIMUM,3 Months
BLF4368,39,2 Years,2,188,MINIMUM,3 Months
BLF4181,47,3 Years,6,370,MEDIUM,6 Months
BLF4195,43,2 Years,2,258,MINIMUM,6 Months
BLF4142,38,2 Years,2,187,MINIMUM,3 Months
BLF4234,40,2 Years,2,226,MINIMUM,3 Months
BLF4208,42.2,2 Years,2,218,MINIMUM,3 Months
BLF4209,37.8,2 Years,2,212,MINIMUM,3 Months
BLF4235,40.6,2.5 Years,4,246,MINIMUM,6 Months
BLF4194,43.2,2.5 Years,4,290,MINIMUM,3 Months
BLF4180,43.4,2 Years,2,286,MINIMUM,3 Months
BLF4369,48.3,2 Years,2,356,MEDIUM,3 Months
BLF4355,42,2 Years,2,226,MINIMUM,3 Months
BLF4341,40.5,2 Years,2,217,MINIMUM,3 Months
BLF4382,41,2 Years,2,184,MINIMUM,3 Months
BLF4380,40.2,2 Years,2,177,MINIMUM,3 Months
BLF4357,39.8,2 Years,2,200,MINIMUM,3 Months
BLF4343,37.2,2.5 Years,4,180,MINIMUM,3 Months
BLF4196,43.5,2 Years,2,263,MINIMUM,6 Months
BLF4182,46.9,2 Years,2,346,MEDIUM,3 Months
BLF4169,42.9,2 Years,2,274,MINIMUM,6 Months
BLF4223,40.4,2 Years,2,266,MINIMUM,3 Months
BLF4237,40.7,2 Years,2,220,MINIMUM,3 Months
BLF4236,40.3,2 Years,2,218,MINIMUM,3 Months
BLF4168,38.5,2 Years,2,201,MINIMUM,3 Months
BLF4183,47,2 Years,2,340,MEDIUM,6 Months
BLF4197,40,2 Years,2,228,MINIMUM,3 Months
BLF4342,43,2 Years,2,206,MINIMUM,3 Months
BLF4381,39.2,2 Years,2,180,MINIMUM,3 Months
BLF4367,41,2 Years,2,221,MINIMUM,3 Months
BLF4159,42.5,2 Years,2,278,MINIMUM,6 Months
BLF4171,43.4,2.5 Years,4,299,MINIMUM,3 Months
BLF4165,43,2.5 Years,4,273,MINIMUM,6 Months
BLF4005,41,2 Years,2,260,MINIMUM,3 Months
BLF4207,44.2,2.5 Years,4,245,MINIMUM,6 Months
BLF4213,40.2,2.5 Years,2,229,MINIMUM,3 Months
BLF4212,43.1,2 Years,2,279,MINIMUM,3 Months
BLF4206,43.5,2 Years,2,255,MINIMUM,3 Months
BLF4170,43,2 Years,2,282,MINIMUM,6 Months
BLF4366,41.2,2 Years,2,205,MINIMUM,3 Months
BLF4372,40.3,2 Years,2,212,MINIMUM,3 Months
BLF4358,41.6,2 Years,2,215,MINIMUM,3 Months
BLF4364,40.4,2 Years,2,219,MINIMUM,3 Months
BLF4370,39.6,2 Years,2,204,MINIMUM,3 Months
BLF4166,43.9,2.5 Years,4,266,MINIMUM,6 Months
BLF4172,44.6,2 Years,2,319,MINIMUM,3 Months
BLF4238,43.2,2 Years,3,298,MINIMUM,3 Months
BLF4210,42,2 Years,2,225,MINIMUM,3 Months
BLF4211,40.8,2 Years,2,227,MINIMUM,3 Months
BLF4239,42,2 Years,2,224,MINIMUM,3 Months
BLF4173,40.6,3 Years,6,237,MINIMUM,6 Months
BLF4371,41.8,2 Years,2,192,MINIMUM,3 Months
BLF4365,40,2 Years,2,218,MINIMUM,3 Months
BLF4359,42.5,2 Years,2,226,MINIMUM,3 Months
BLF4361,42,2 Years,2,226,MINIMUM,3 Months
BLF4349,41,2 Years,2,189,MINIMUM,3 Months
BLF4188,42.4,2.5 Years,4,253,MINIMUM,6 Months
BLF4177,39.4,2.5 Years,4,212,MINIMUM,6 Months
BLF4215,43.4,2 Years,2,264,MINIMUM,3 Months
BLF4229,46,2.5 Years,4,311,MEDIUM,6 Months
BLF4228,43.8,2 Years,2,279,MINIMUM,3 Months
BLF4214,43.5,2 Years,2,280,MINIMUM,3 Months
BLF4176,38,2 Years,2,190,MINIMUM,3 Months
BLF4162,41.6,2.5 Years,4,229,MINIMUM,6 Months
BLF4189,43,2 Years,2,253,MINIMUM,6 Months
BLF4348,41.2,2.5 Years,4,216,MINIMUM,3 Months
BLF4374,40,2 Years,2,203,MINIMUM,3 Months
BLF4360,39.1,2 Years,2,219,MINIMUM,3 Months
BLF4376,39.2,2 Years,2,176,MINIMUM,3 Months
BLF4362,41,2 Years,2,225,MINIMUM,3 Months
BLF4174,45,2.5 Years,4,261,MEDIUM,3 Months
BLF4160,42.6,2 Years,2,255,MINIMUM,3 Months
BLF4216,40,2 Years,2,214,MINIMUM,3 Months
BLF4161,43,2.5 Years,4,277,MINIMUM,6 Months
BLF4175,34.4,2 Years,2,248,MINIMUM,3 Months
BLF4363,41.6,2.5 Years,4,226,MINIMUM,3 Months
BLF4377,39,2 Years,2,179,MINIMUM,3 Months
BLF4388,36,2 Years,2,174,MINIMUM,3 Months
BLF4310,43,2 Years,2,245,MINIMUM,3 Months
BLF4304,43.6,2.5 Years,4,266,MINIMUM,3 Months
BLF4264,43.6,2 Years,2,236,MINIMUM,3 Months
BLF4270,43.5,2.5 Years,4,268,MINIMUM,6 Months
BLF4271,44,2 Years,2,244,MINIMUM,6 Months
BLF4265,41,2 Years,2,221,MINIMUM,3 Months
BLF4259,45.4,2 Years,2,265,MEDIUM,3 Months
BLF4305,41.4,2.5 Years,4,232,MINIMUM,3 Months
BLF4311,43,2 Years,2,233,MINIMUM,3 Months
BLF4339,42.5,2 Years,2,227,MINIMUM,3 Months
BLF4307,40.2,2 Years,2,251,MINIMUM,3 Months
BLF4313,42.7,2 Years,2,244,MINIMUM,3 Months
BLF4298,42.4,2 Years,2,244,MINIMUM,3 Months
BLF4273,43,2 Years,3,260,MINIMUM,3 Months
BLF4267,41.4,2 Years,2,216,MINIMUM,3 Months
BLF4266,43,2 Years,2,245,MINIMUM,3 Months
BLF4272,44.4,2 Years,2,279,MINIMUM,3 Months
BLF4299,44,2 Years,2,247,MINIMUM,3 Months
BLF4312,41,2 Years,2,234,MINIMUM,3 Months
BLF4306,42.3,2 Years,2,255,MINIMUM,3 Months
BLF4302,42,2 Years,2,227,MINIMUM,3 Months
BLF4316,39,2 Years,2,197,MINIMUM,3 Months
BLF4128,42,2 Years,2,261,MINIMUM,6 Months
BLF4289,43.2,2.5 Years,4,251,MINIMUM,3 Months
BLF4276,44.5,2 Years,2,269,MINIMUM,6 Months
BLF4262,44,2 Years,2,272,MINIMUM,6 Months
BLF4263,42,2 Years,2,236,MINIMUM,3 Months
BLF4277,42.7,2 Years,2,251,MINIMUM,3 Months
BLF4288,40.2,2 Years,2,217,MINIMUM,3 Months
BLF4129,42.4,2 Years,2,258,MINIMUM,6 Months
BLF4317,41.2,2 Years,2,218,MINIMUM,3 Months
BLF4303,41,2 Years,2,206,MINIMUM,3 Months
BLF4315,43.2,2 Years,2,235,MINIMUM,3 Months
BLF4301,44.4,2 Years,2,271,MINIMUM,3 Months
BLF4329,42.3,2.5 Years,4,256,MINIMUM,3 Months
BLF4261,46,2 Years,2,292,MEDIUM,6 Months
BLF4275,43,2 Years,2,270,MINIMUM,3 Months
BLF4249,41,2 Years,2,257,MINIMUM,3 Months
BLF4248,45,2 Years,2,273,MEDIUM,6 Months
BLF4274,50,2 Years,2,378,MEDIUM,6 Months
BLF4260,44,2 Years,2,267,MINIMUM,6 Months
BLF4328,39.4,2 Years,2,209,MINIMUM,3 Months
BLF4300,40.8,2 Years,2,230,MINIMUM,3 Months
